id,point_code,chinese_pinyin_hebrew,english_name_hebrew,etymology_hebrew,description_hebrew,location_hebrew,needling_hebrew,functions_hebrew,secondary_functions_hebrew,cautions_hebrew,notes_hebrew
105,Bl1,JING MING - גִ'ינג מִינג,Bright Eyes - עֵינַיִם בְּהִירוֹת,"מִינג הוא התייחסות לעיניים, שהן ייצוג מיקרוקוסמי של רִי שמש ויוּאֶה ירח. השמש והירח נקראים הֶה - 2 העיניים של שמיים וארץ. כאשר חמשת איברי היין פורחים, העיניים יהיו בהירות כמו השמש והירח.","גִ'ינג פירושו עיניים, מִינג פירושו בהיר.",1 פֶן מהפינה המדיאלית של העין.,"ניצב, המטופל צריך לעצום את עיניו, לדחוף בעדינות את גלגל העין הצידה, להחדיר את המחט לאט תוך גרימת זעזוע מינימלי למטופל, בין המסלול (ארובת העין) לאף, לעומק של 0.5 צון.",1. נקודת ריכוז של טאי יאנג. 2. מפגש של TH GB GV ST SI. 3. מגרש חום מקומי ורוח מקומית. 4. מנקה חסימות במרידיאן.,1. מטפל בעור יבש בכל חלקי הגוף. 2. מטפל בכאב ודלקת בעיניים.,יש לנקוט משנה זהירות בעת הדיקור באזור זה. יש להיזהר שלא לפגוע בעין.,יש לבצע את הדיקור בזהירות רבה ובמיומנות על מנת למנוע נזק.
106,Bl2,ZAN ZHU - זַאן ג'וּ,Bamboo Gathering - איסוף במבוק,הגבה דומה לבמבוק. האספקט המדיאלי של הגבה בו ממוקמת נקודת BL-2 הוא העלה.,"Zan פירושו לשמור או לאסוף, Zhu פירושו במבוק.","ישירות מעל הפינה הפנימית של הקנתוס הפנימי של העין, קרוב לקצה המדיאלי של הגבה, היכן שמורגש חריץ קטן.",החדרה אנכית של 0.2-0.5 צון לאורך הגבה לכיוון BL1.,1. מרגיעה את הכבד (LIV) על ידי פתיחת סטגנציה בשלפוחית השתן (BL). 2. מרגיעה רוח שתוקפת את הפנים והראש. 3. מבהירה את העיניים על ידי קירור והורדת חום.,1. מטפלת בכאבי ראש פרונטליים וכאבי עיניים. 2. מנקה חסימות במרידיאן. 3. מנקה את הסינוסים.,יש לנקוט זהירות בחדירה עמוקה כדי להימנע מפגיעה בעין.,נקודה זו נמצאת בשימוש נפוץ לטיפול בבעיות עיניים שונות וכאבי ראש.
107,Bl3,MEI CHONG - מֵי צ'וֹנג,Eyebrows Ascension - הַרְמַת הַגַּבּוֹת,"אחת המשמעויות של צ'וֹנג היא לעלות. BL3 ממוקמת ישירות מעל הגבות, 0.5 צון מאחורי קו השיער. מֵי צ'וֹנג מתארת את עליית ה-צִ'י מהגבות לנקודה זו.","מֵי פירושו גבה, צ'וֹנג פירושו לשטוף או לשנות.",3.5 צון ישירות מעל BL2 והגלבלה (Glabella).,אלכסונית (שטוחה) 0.3-0.5 צון.,1. שולחת צִ'י למטה. 2. שולחת צִ'י מקרר ומרגיע אל ה-Zang + Fu דרך נקודות ה-Shu. 3. מרגיעה את ה-SHEN. 4. מקררת את הגוף.,"1. מרגיעה את הגוף במקרים של מתח, פחד ועצבנות. 2. מעלה נוזלים לראש.",,
114,Bl10,TIAN ZHU - טְיֶאן ג'וּ,Celestial Pillar - עמוד השמיים,"Tian – שמיים, Zhu – עמוד. שני ראשי שריר הטרפז הם כמו שני עמודים התומכים בראש (שמיים). BL10 ממוקמת על עמודים אלה. עמודים הם גם התייחסות לחוליות עמוד השדרה שבעת העתיקה נקראו “Tian Zhu”.","Tian – שמיים, Zhu – עמוד. שני ראשי שריר הטרפז הם כמו שני עמודים התומכים בראש (שמיים). BL10 ממוקמת על עמודים אלה. עמודים הם גם התייחסות לחוליות עמוד השדרה שבעת העתיקה נקראו “Tian Zhu”.","1.3 צון לטרלית ל-GV15, בצדדים הצידיים של הטרפזיוס, בגובה הגבול התחתון של הזיז הספינלי של C-1.",ניצב 0.5-1 צון,1. נקודת חלון השמיים (מחזקת נקודות שו). 2. מפגש של הסטות של שלפוחית/כליה. 3. מחזקת את הגב התחתון. 4. מפזרת רוח שתוקפת את פלג הגוף העליון. 5. ים האנרגיה - ממלאת את אנרגיית הגוף.,7. מקדמת יצירת דם (באמצעות הקשר שלה למח העצם/המוגלובין וכליה). 8. מאזנת בין שלושת המחממים על ידי הנמכת צ'י שמימי דרך נקודות השו. 9. בונה יאנג ובכך בונה יין. 10. מרגיעה ומאזנת את השן וההון. 11. פותחת חסימות במרידיאן. 12. מועילה לראייה.,אין מידע.,"Nei Ching – 33: ""חלק מקבוצת הנקודות המווסתות צ'י באופן כללי יחד עם CV17 ו-ST9"". Nei Ching – 26: ""למיגרנות המתפתחות מחסימה של צ'י שהופכות לכאבי צוואר ויורדות במורד עמוד השדרה לכליה, לדקור BL10 ואז לאזן את הצ'י במרידיאן שלפוחית השתן"". Nei Ching – 28: ""נקודה חשובה לבכי ונזלת."" לדברי Nei Ching ""הלב הוא האדון של איברי ה-ZANG וה-FU בעיניים יש נקודת חיבור של המרידיאנים הקדומים ושל ה-Yin וה-Yang Qiao. הנוזלים האורגניים עולים דרך נתיב זה. הפה והאף מייצגים את הפתיחה של צ'י"". Nei Ching – 34: ""במחלות ראש הנגרמות מהפרעה בזרימת ה-Wei וה-Ying CHI (Ying CHI באזורים היאנגיים יותר הופך ליין בעוד Wei CHI באזורים היין יותר הופך ליאנג) לדקור BL10 ו-BL11. אם אין התקדמות לדקור את נקודות ה-Ying - אביב ושו – זרם שלפוחית השתן (BL65 ו-BL66)"". כאשר המטופל סובל מעצבנות ודאגה הלב נמצא במצב בעייתי. זה מוביל לתפקודים של Zang Fu שהופכים לפגומים, כתוצאה מכך התפקוד של Yin/Yang Chiao יתדרדר במקרה זה לדקור BL10. אם אין מספיק דמעות לדקור BL10. על מנת להבין את השפעת הטיפול יש להבין כיצד צ'י זורם בגוף."
115,Bl11,דָה שוּ (Dà Shū),הסעה גדולה (Ha's'aa Gedola),"דָה (Dà) – גדול, עצום; שוּ (Shū) – מעבורת, הסעה. בסין העתיקה, חוליות עמוד השדרה נקראו ג'ו גוּ, ""עצמות מכשול גדולות"". שם הנקודה נובע מהעובדה שהרווח בין C7 ל-T1 גדול יחסית.","דָה שוּ היא נקודת דיקור הממוקמת על הגב, והיא נקודת מפגש חשובה המשפיעה על העצמות, הדם והיאנג בגוף.",1.5 צוּן לטרלית לקו האמצע האחורי של T1 (L.B.S.P).,"באלכסון לכיוון עמוד השדרה, 0.3-0.5 צוּן.","1. נקודת מפגש (Hui) של העצמות.
2. ים הדם.
3. מקבלת ענף מ-GV, SI, TW ו-GB.
4. מפגש עם המעי הדק.
5. מסלקת רוח שתוקפת את החלק העליון של הגוף.
6. מפזרת עודף יאנג בכל הגוף.","מזינה דם.
מחזקת את העצמות.
מחזקת את עמוד השדרה.
יחד עם BL12, BL13 ו-BL15 לקידום הרפיה בנשים שאינן מצליחות להתמודד עם בעיות.
נֵאי צִ'ינג (Nei Ching):
נֵאי צִ'ינג – 75: ""כאשר היאנג מלא והיין ריק בו זמנית, הנקבוביות ייסגרו והזיעה תיפסק. השיניים, הלשון והגרון יתייבשו ולא יהיה תיאבון. במצב זה, יש לדקור את BL11, TH16 ו-BL29. נקודות אלו מפזרות חום ומורידות את טמפרטורת הגוף. יש לחזק את מרידיאני טאי יין כדי ליצור זיעה. על פי הניי צ'ינג, זהו הטיפול הרביעי המכונה ""הסרת הבגדים"".""
נֵאי צִ'ינג – 51: ""במיוחד לפיזור עודף יאנג"".
סוּ וֶן – 32: ""נקודה זו היא חלק מקבוצת נקודות המפזרות צ'י יאנג מהאיברים"".",יש לנקוט משנה זהירות בדיקור בחולים עם בעיות קרישה או הנוטלים תרופות נוגדות קרישה.,"נקודה חשובה לטיפול בכאבי גב עליון וצוואר, במיוחד כאשר הם קשורים לחדירת רוח או לחוסר איזון בין יין ויאנג."
116,Bl12,פֶנְג מֶן (Fēng Mén),שער הרוח (Sha'ar HaRu'ach),"פֶנְג (Fēng) – רוח, מֶן (Mén) – דלת, שער. פתוגנים חיצוניים חודרים לגוף דרך נקודה זו. היא משמשת לטיפול בהתקפת רוח חיצונית.","פֶנְג (Fēng) – רוח, מֶן (Mén) – דלת, שער. פתוגנים חיצוניים חודרים לגוף דרך נקודה זו. היא משמשת לטיפול בהתקפת רוח חיצונית.",1.5 צוּן לטרלית לקו האחורי המדיאלי של הגב בחוליה T2 (מול SI13).,ניקוב אנכי בעומק 0.5-1 צוּן.,"1. שיוך לעצמות וגידים
2. מחזקת את מערכת החיסון
3. נקודת מפגש עם מרידיאן ה-GV
4. שוּ (Shu) של העצמות והגידים
5. תומכת בתפקוד הריאות בפיזור אנרגיה
6. מסלקת רוח חיצונית","1. מווסתת יִין (Ying) ווֵיי צִ'י (Wei CHI)
2. מטפלת בשיעול, אף סתום, תחושה חמה, ראש כבד ואלרגיות
3. מטפלת בחוסרים תזונתיים בילדים
4. בשימוש עם LU1+ST12+ST27 לפיזור פתוגנים חמים בחזה.
סוּ וֶן (Su Wen): ""אחת מארבע הנקודות לפיזור חום שתוקף את החזה. הנקודות האחרות הן LU1, ST12 ו-ST27. נאמר שכאשר הנקבוביות אינן סגורות לחלוטין, רוח חמה תחדור לגוף דרך BL12 ותגרום להפרשת נוזלי גוף. במקרה זה יש לחזק את שער הרוח (BL12) כדי למנוע חדירת רוח עודפת לגוף.""",,
117,Bl13,פֵיי שׁוּ (Fei Shu),שׁוּ הָרֵאוֹת (Lung Shu),פֵיי (Fei) - רֵאוֹת; שׁוּ (Shu) - נקודת שוּ,"מֵרִידְיאן שַׁלְפּוּחִית הַשֶׁתֶן מֵאָרֵחַ אֶת נְקֻדּוֹת הַשׁוּ שֶׁל 12 הָאֵיבָרִים. הַנְּקֻדּוֹת מְשַׁמְּשׁוֹת גַּם לְצָרְכֵי אִבְחוּן וְגַם לְצָרְכֵי טִפּוּל. הֵן מְמוּקָמוֹת בְּדֶרֶךְ כְּלָל בָּאֵזוֹר/גֹּבַהּ שֶׁל הָאֵיבָרִים אוֹתָם הֵן מְיַצְּגוֹת. מֵאַחַר וְהָרֵאוֹת הֵן הָאֵיבָרִים בַּמִּקּוּם הַגָּבוֹהַּ בְּיוֹתֵר, הֵן מְיֻצָּגוֹת רִאשׁוֹנוֹת.",1.5 צוּן לָטֵרָלִי לְקַו הָאֶמְצַע הָגוּבִי שֶׁל T3 (מוּל עֶצֶם הַשִׁדְרָה הַסְפִּינָטוּסִית).,הַחְדָּרָה מְאוּנֶכֶת 0.5-1 צוּן.,"1. שׁוּ שֶׁל הָרֵאוֹת.
2. מְעוֹדֶדֶת אֶת זְרִימַת הַצִ'י הַיּוֹרֵד שֶׁל הָרֵאוֹת (Lu Chi).
3. מְפַזֶּרֶת גּוֹרְמִים פָּתוֹגֶנִיִּם חִיצוֹנִיִּים וּפְנִימִיִּים הַתּוֹקְפִים אֶת הָרֵאוֹת.
4. מְחַזֶּקֶת צִ'י רֵאוֹת.","1. טוֹבָה לְכָל הַפָּתוֹלוֹגְיוֹת שֶׁל הָרֵאוֹת מִמַּחְסֹור אוֹ קִפָּאוֹן שֶׁל אֵנֶרְגִּי בָּרֵאוֹת.
נֵי צִ'ינְג:
""כַּאֲשֶׁר יֵשׁ הַפְרָעָה בַּצִ'י, נְפִיחוּת בִּטְנִית, רַעַשׁ מֵעִי, נְפִיחוּת בֶּחָזֶה, קֹשִׁי בִּנְשִׁימָה, דְּקֹר LU1,2"".
סוּ ווֶן 32: ""אַחַת מֵהַנְּקֻדּוֹת בַּקְּבוּצָה הָאַחֲרָאִית לְפִזּוּר יָאנְג צִ'י בְּ-5 אֵיבָרֵי הַ-ZANG. הַנְּקֻדּוֹת הָאֲחֵרוֹת הֵן BL11, 15,17,18,20,23.""",לְלֹא הַזְהָרוֹת סְפֵּצִיפִיּוֹת.,לְלֹא הֶעָרוֹת.
118,Bl14,JUE YIN SHU - 厥陰俞 (תעתיק פין-יין),JUE YIN SHU - נקודת שו של המעטפת (תעתיק מילולי: נקודת הובלה של ה-Jue Yin),אטימולוגיה: מְיֹוּחֶדֶת כנקודת השו האחורית (Back-Shu) של המעטפת (Pericardium).,"תיאור: נקודת דיקור המשמשת בעיקר לטיפול בהפרעות הקשורות למעטפת הלב, ללב ולנפש (Shen).","מיקום: 1.5 צון לטרלית לקו האמצע האחורי, בגובה החוליה הטורקלית הרביעית (T4).","דיקור: בניצב, 0.5-1 צון.",פעולות: 1. נקודת שו של המעטפת (PC). 2. מסדירה את הלב. 3. מרגיעה את ה-Shen (נפש).,פעולות משניות: 1. מרגיעה במצבי פחד ועצבנות. 2. מטפלת בחוסר שינה מחלומות מפחידים. 3. מרגיעה את הגוף. 4. מרגיעה את הנפש.,"זהירות: יש לנקוט משנה זהירות בדיקור עמוק, במיוחד בחולים הסובלים מבעיות נשימה או לב.",הערות: נקודה חשובה להרגעה ואיזון רגשי.
119,Bl15,שין שו,נקודת הלב שו,"שין – לב, שו – אסוציאציה. נקודת השו של הלב הממוקמת ליד איבר הלב.","נקודת השו (Shu) של הלב, הממוקמת בסמוך לאיבר הלב, ומקושרת אליו אנרגטית.","1.5 צון לטרלית לקו האמצע האחורי, בגובה החוליה החמישית של בית החזה (T5).",ניקוב אנכי בעומק 0.5-1 צון.,"1. נקודת שו של הלב.
2. מרגיעה את ה-SHEN (הנפש).
3. מחזקת יכולות חשיבה וריכוז.
4. מרגיעה את הגוף בכל הרמות.
5. מנקה חסימות של דם וצ'י בלב.
6. הנקודה של בגרות.
7. מרגיעה את הנשמה.","מטפלת בכאבים בחזה.
מטפלת בתחושת ""תקיעות"" בחזה.
מטפלת בפחד אקוטי/כרוני.
מאזנת את 5 ההיבטים הרוחניים, מטפלת בבעיות שינה, שיגעון ושכחה.
Nei Ching
Su Wen – 52: ""אין נקודה חשובה יותר מ-BL15"".
ניקוב עמוק מדי עלול לפגוע בלב. המטופל ימות תוך 24 שעות.
לאיזון הלב ניתן להשתמש בטכניקת Shu – Mu שהיא CV14 + BL15.",זהירות בניקוב עמוק מדי עקב סכנת פגיעה בלב.,BL15 נחשבת לנקודה חשובה ביותר באיזון הלב על פי ה-Su Wen.
120,Bl16,DU MAI SHU - דו מאי שו,GV Shu - נקודת אסוציאציה של מרידיאן המושל,"Du - לשלוט, GV Shu - נקודת אסוציאציה","דו - לשלוט, GV Shu - אסוציאציה (נקודת השפעה)",1.5 צון לטרלית לקו האמצע האחורי בגובה החוליה החזה הששית (T6),ניצב לעומק 0.5-1 צון,"1. נקודת Shu של מרידיאן המושל (GV)
2. תומכת בזרימת היאנג דרך עמוד השדרה
3. מחזקת את היאנג באופן כללי
4. תומכת בפיזור וזרימה של יאנג (ויין)
5. תומכת בכל הפונקציות האנרגטיות של איברי ה-Zang וה-Fu
6. מעלה יין ונוזלים לראש
7. מעלה צ'י לראש","מיישרת גב כפוף
מחזקת את עמוד השדרה
מטפלת בסחרחורת וכאבי ראש מחוסר או עודף",,
121,Bl17,SHU GE SHU - שוּ גֶה שוּ,Diaphragm and Esophagus Shu - שוּ הסרעפת והוושט,"Ge – diaphragm Shu – association - גֶה – סרעפת, שוּ – אסוציאציה/הקשר","Ge – diaphragm Shu – association - גֶה – סרעפת, שוּ – אסוציאציה/הקשר",1.5 צוּן לטרלית לקו האמצע האחורי של גוף חוליה T7 (בגובה הקצה התחתון של השכמה),לא צוין,"1. נקודת שוּ של הסרעפת והוושט
2. נקודת מפגש (Hui) של הדם
3. מניעה דם, מפזרת דם תקוע בכל הגוף
4. פותחת את המעבר לצ'י (וגם דם ונוזלי גוף) בין המחמם העליון והאמצעי
5. מחזקת במצבי חסר דם (Blood Xu)
6. מטהרת ומנקה את החזה
7. מניעה צ'י תקוע בחזה
8. משחררת התכווצויות של הוושט","1. מטפלת בשיעול ספסטי
2. מטפלת בכאבים בחזה
3. מטפלת בהקאות המלוות בהתכווצויות של הקיבה והוושט
4. מטפלת בדימום מסטגנציה של דם
Nei Ching:
“למעלה נמצאת BL15 אשר סמוכה לדם (לב). למטה נמצאת BL17 אשר משמרת את הדם, לכן BL17 היא הנקודה של מעבר הדם”",לא צוין,לא צוין
122,Bl18,GAN SHU - גַאן שׁוּ,Liver Shu - שׁוּ הכָּבֵד,Gan – כָּבֵד Shu – התאחדות / נקודת אסוציאציה - Gan – כָּבֵד Shu – התאחדות,Gan – כָּבֵד Shu – אסוציאציה,1.5 צון לטרלית לקו האמצע האחורי בגובה החוליה החזה ה-9 (T9).,ניקוב אנכי בעומק 0.5-1 צון.,"1. נקודת Shu של הכבד.
2. מנקה ליחה וחום מהכבד.
3. מנקה סטגנציה בכבד.
4. מפזרת יאנג צ'י של חמשת איברי ה-Zang.","משפיעה על יאנג הקיבה, מגבירה חומציות בקיבה.
מטפלת בהיסטריה גלובוס (Globus hystericus) הגורמת לקושי בבליעה.
מטפלת בשיעול הגורם לכאבים בצדי הגוף מסטגנציה של צ'י הכבד.
יחד עם BL19, 20, 21 עבור גברים שאינם מסוגלים להתמודד עם בעיות יום יומיות.
Nei Ching
Su Wen – 52: ""אם נקודה זו מנוקבת בעוצמה רבה מדי, היא עלולה לפגוע בכבד. המטופל ימות תוך 5 ימים עם סימני פיהוק.""",,
123,Bl19,DAN SHU - דָאן שׁוּ,Gall Bladder Shu - שׁוּ של כיס המרה,"Dan – כיס מרה, Shu – נקודת הסכמה/אסוציאציה - דָאן – כיס מרה, שׁוּ – אסוציאציה","דָאן – כיס מרה, שׁוּ – אסוציאציה/הסכמה",1.5 צון לטרלית לקו האמצע הגבי של חוליה טורקלית 10 (T-10) - 1.5 צון לטרלית לקו האמצע הגבי של חוליה גבית T10,ניקוב אנכי 0.5-1 צון - החדרת מחט אנכית בעומק 0.5-1 צון,"1. נקודת שוּ של כיס המרה
2. מפעילה צ'י עץ ומפזרת סטגנציות בכל הגוף
3. פותחת סטגנציה בכיס המרה
4. מטהרת חום ולחות בכיס המרה - 1. נקודת שו של כיס המרה
2. ממריצה צ'י עץ ומפזרת סטגנציות בכל הגוף
3. פותחת סטגנציה בכיס המרה
4. מנקה חום ולחות מכיס המרה","1. מורידה נפיחות בבטן מחולשה של הטחול והקיבה (ST/SP XU)
2. משחררת את הסרעפת, מקדמת איזון בין שלושת המחממים
3. מטפלת בכאב בצד הגוף מחסימת צ'י. - 1. מורידה נפיחות בבטן מחולשת ST/SP
2. משחררת את הסרעפת ומאזנת את שלושת המחממים
3. מטפלת בכאבים בצד הגוף הנגרמים מסטגנציית צ'י.

נֵי צִ'ינג (Nei Ching):
סוּ וֶן – 47: ""כאשר למטופל יש טעם מר בפה, זהו סימן לבעיה בכיס המרה. הכבד פועל כמפקד, אך הוא נמצא תחת פיקוחו של כיס המרה. מרידיאן הכבד זורם אל הגרון. כאשר צ'י כיס המרה נחלש, הוא עולה לגרון וגורם לטעם מר בפה. יש לנקב את נקודות ההֶ שוּ ומוּ BL19, GB24, GB34"".

סוּ וֶן – 52: ""אם נקובים עמוק מדי ב-BL19, כיס המרה ייפגע. המטופל יקיא וימות תוך יום וחצי"".",לא ידוע,יש להיזהר מניקוב עמוק מדי.
124,Bl20,PI SHU (פי שוּ),Spleen Shu (שׁוּ הטחול),"Pi – טחול, Shu – נקודת אסוציאציה (Pi – טחול, Shu – אסוציאציה/הסכמה)","Pi – טחול, Shu – אסוציאציה/הסכמה (נקודת האסוציאציה של הטחול)",1.5 צון לטרלית לקו האמצע האחורי של החוליה החזה ה-11 (T-11) (1.5 צון לטרלית לקו אמצע הגב בגובה החוליה התוראקלית ה-11),יש להתייעץ עם מומחה לדיקור סיני לגבי טכניקת הדיקור המומלצת.,"1. נקודת שוּ של הטחול
2. מחזקת את הטחול והקיבה (SP/ST)
3. תומכת ומחזקת את תפקודי המחמם האמצעי
4. מקדמת את הטרנספורמציה והטרנספורטציה של הטחול
5. מנקה ליחה וסטגנציה מהג'יאו האמצעי
6. מקדמת יצירת צ'י
7. מחזקת את הצ'י של כל האיברים, במיוחד איברי ה-Zang וה-Fu
8. שולחת צ'י לגפיים","1. רגישות ב-BL20 היא סימן לכיב:
בצד שמאל – כיב קיבה
בצד ימין – כיב תריסריון
2. מטפלת בנפיחות בבטן, בצקת במעיים, רעשים (בורבוריגמוס) ואגירת מים.
Nei Ching
Su Wen – 52: ""דיקור עמוק מדי ב-BL20 יפגע בטחול. תתחיל נפיחות והמטופל ימות תוך 10 ימים.""",יש להיזהר מדיקור עמוק מדי.,נקודה חשובה מאוד לטיפול במצבים הקשורים לחולשה של הטחול.
125,Bl21,WEI SHU - וֵיי שׁוּ,Stomach Shu - שׁוּ הַקֵּבָה,Wei – קֵּבָה Shu – אֲסוֹצִיאָצְיָה,"Wei – קֵּבָה, Shu – נקודת אסוציאציה (נקודת שו האחורית)",1.5 צון לָטֵרָלִי לקו האמצע הגבי של חוליה T-12,ניקוב אנכי בעומק 0.5-1 צון,"1. שו של הקיבה
2. מזין יין כליות
3. מחזק קיבה
4. מקבל ענף מהקיבה ומה-ST TMM (גידי שרירים מרידיאניים של הקיבה)
5. מפזר סטגנציה והצטברות של מזון בקיבה
6. בונה ג'ין וייה","מטפל בכאבי קיבה עקב תחושת מלאות וסטגנציה של מזון בקיבה. ניי צ'ינג. סו וון – 28: ""לשלשול מחוסר כליות, יש לחזק את נקודות השו של כליות (BL23) וקיבה""",ללא ציון,ללא ציון
126,Bl22,סאן ג'יאו שוּ,שוּ של מחמם 3,"סאן – 3, ג'יאו – מחמם",נקודת השוּ של המחמם המשולש.,1.5 צון לטרלית לקו האמצע האחורי בגובה L1.,ניקוב אנכי בעומק 0.5-1 צון.,"1. שוּ של המחמם המשולש (TH).
2. מפזר נוזלים ומסדיר את זרימת הג'ין והיֵה.
3. תומך בתפקודי כל האברים.
4. מקבל ענפים מנקודות בכל שלושת המחממים: עליון - CV17, אמצעי - CV12, תחתון - CV5, CV7.
5. מזרים צ'י בכל הגוף.
6. פותח חסימות בכל מקום.","1. פותח את מעברי המים.
2. מביא סדר לטרנספורמציה של מים בכל שלושת המחממים.
3. מטפל בכל בעיות הצטברות צ'י באברי ה-Zang או Fu המתבטאות בתחושת מלאות.
נֶי גִ'ינג:
בהפרעות של המחמם המשולש השתמשו בשיטת שוּ מוּ: שוּ ראשי של המחמם המשולש - CV5
שוּ של המחמם התחתון - CV7
שוּ של המחמם האמצעי - CV12
שוּ של המחמם העליון - CV17",,
127,Bl23,SHEN SHU - שֶׁן שׁוּ,Kidney Shu - שׁוּ הכליה,"Shen - כליה, Shu - נקודת אסוציאציה","Shen – כליה, Shu – אסוציאציה",1.5 צון לטרלית לגבול התחתון של החוליה המותנית השנייה (L-2).,ניקוב אנכי בעומק 0.5-1 צון.,"1. שוּ של הכליות
2. מפגש עם דאי מאי דרך ה-KID divergent
3. מקבל ענף מהכליות
4. מחזק KID CHI/yang
5. תומך בזרימת Yuan CHI לאיברים, מחזק את ה-CHI הכללי
6. מחזק SP CHI/yang","מחזק את הכליות - תפקיד אחיזת ה-CHI
משפיע על האוזניים, מטפל בצפצופים באוזניים מחולשת CHI XU
מחזק את הגב התחתון
מטפל בכאבים ליד הצלעות
מטפל ב-CHI חלש
מחזק KID yang/CHI, מטפל בשפיכה מוקדמת, אימפוטנציה, פליטת זרע לילית
מטפל בבצקת, שלשול בוקר, לשלשול מחוסר, יש לדקור את BL23 5 פעמים, בכל פעם עמוק יותר מהפעם הקודמת, להוסיף BL21 באותה שיטה מבלי לחזק אותו.
Nei Ching
Su Wen – 28: ""בדלקת של הבטן הנגרמת מעודף ST, יש לדקור את נקודת ה-MU של ה-ST (CV12) 5 פעמים. כמו כן, את נקודת ה-Shu של ה-KID (BL23) באמצעות מחט עם קצה עגול""
""לשלשול (ריקנות), יש לדקור את BL23, ה-Shu של ה-KID, 5 פעמים בעומק גדל בכל פעם. כמו כן, יש לדקור את CV12 מבלי לחזק את המרידיאן""
""חלק מקבוצת הנקודות המפזרות את היאנג של 5 איברי ה-Zang""",,
128,Bl24,צ'י האי שו (QI HAI SHU),ים הצ'י שו (Sea of CHI Shu),"ממוקם ישירות מול CV6 (בטן - גב) ים הצ'י, BL24 הוא נקודת השו של ים הצ'י. נקודה זו ממוקמת באזור בו הצ'י זורם בין הכליות.","צ'י – CHI, האי – ים, שו – אסוציאציה/התאחדות",1.5 צון לטרלית לקו האמצע האחורי התחתון של חוליה מותנית 3 (L-3).,ניקוב אנכי לעומק 0.5-1 צון.,"1. משפיע על ים הצ'י - מקבל סעיף מ-CV6.
2. נקודת ים הצ'י, מזינה ומחזקת את זרימת הצ'י בכל הגוף ותומכת בדאן טיאן התחתון.
3. מניעה צ'י תקוע בדאן טיאן התחתון.
4. עובדת בהרמוניה עם BL26, מינג מן, CV4 ו-CV6.","1. משפיעה על החלק העליון של אזור המותניים.
2. מחזקת את הגב התחתון.
3. מסדירה את זרימת הצ'י והדם בכל הגוף.",לא צוין.,לא צוין.
129,Bl25,CHANG SHU - צַ'אנְג שׁוּ,Colon Shu - שׁוּ המעי הגס,Chang - מעי גס; Shu - נקודת אסוציאציה,Chang – מעי גס; Shu – אסוציאציה (נקודת שוּ),1.5 צון לטרלית לקו האמצע האחורי בגובה L-4 (חוליה מותנית רביעית),ניקוב אנכי בעומק 0.5-1 צון,"1. נקודת שוּ של המעי הגס
2. מחזקת את התנועה הפריסטלטית של המעי הגס
3. מנקה את הגוף מרעלים
4. מחזקת תפקודים מנטליים על ידי ניקוי הגוף
5. מגבירה את היכולת לחשוב ולהתרכז","1. מנקה חסימות מנטליות ורגשיות הנגרמות על ידי רעלים
2. מנקה תחושת מלאות ונפיחות
3. מחזקת את הגב התחתון
4. מטפלת בעצירות
5. מטפלת בכאבי בטן ושלשולים",לא צוין,לא צוין
130,Bl26,GUAN YUAN SHU - גואן יואן שו,Gate of Yuan Shu - שער של יואן שו,"Guan – שער, Yuan – מקור צ'י, Shu – נקודת חיבור","גואן - שער, יואן - מקור, שו - אסוציאציה/התחברות.",1.5 צון לטרלית לקו האמצע הגבי של חוליה מותנית 5 (L.B.S.P. Of L-5).,"ניצבת, 0.5-1 צון.","1. נקודת ה-Shu של שער היואן המקבלת שלוחה מ-CV4.
2. משפיעה על הכליות ועל צ'י היואן.
3. שער לחיוניות הגוף.
4. תומכת ומפעילה את CV4 ומניעה את צ'י היואן.
5. עובדת בהרמוניה עם BL24, Ming Men, CV4 ו-CV6.
6. מפעילה ומניעה צ'י מה/בתוך הדאן טיאן התחתון לכל הגוף.",משפיעה על האספקט התחתון של אזור המותניים.,,
131,Bl27,XIAO CHANG SHU - שיאו צ'אנג שו,Small Intestine Shu - שו של המעי הדק,"Xiao - קטן, Chang - מעיים, Shu - נקודת אסוציאציה (חיבור)","Xiao - קטן, Chang - מעיים, Shu - נקודת אסוציאציה/חיבור. נקודת השו האחורית של המעי הדק.","1.5 צון לטרלית לקו האמצע, בגובה הפוראמן הסקרלי הראשון, בשקע בין הגבול המדיאלי של ה-PSIS (Posterior Superior Iliac Spine) לבין הסקרום.",ניקוב אנכי בעומק 0.5-1 צון.,"נקודת השו של המעי הדק.
מקבלת שלוחה מהמעי הדק.
מחזקת את תפקוד המעי הדק בבניית האדם (המעי הדק סופג את התמציות החיוניות לבניית צ'י ודם).
תומכת בצ'י הכליות ויין הכליות.
יוצרת נוזלי גוף, דם, ג'ין ו-יה.
עובדת בהרמוניה עם CV4 (נקודת ה-MU של המעי הדק ונקודת ים הצ'י), מתאמת את כמות הצ'י שהאדם זקוק לה.","1. מטפלת בליחה ולחות שהצטברו במעיים.
2. מטפלת בכאבי ראש המלווים ביובש בפה וצמא הנגרמים כתוצאה מהצטברות רעלים היוצרים חום במעיים.
3. מטפלת ביציאות מימיות ונפיחות בבטן התחתונה הנגרמים כתוצאה מתפקוד לקוי של ספיגת התמציות מהמזון על ידי המעי הדק (תפקוד הטרנספורמציה והטרנספורטציה).","יש לנקוט משנה זהירות בניקוב עמוק, כדי להימנע מפגיעה בסקרום ובעצבים הסקראליים.",נקודה זו חשובה לחיזוק הצ'י המולד ולתמיכה ביכולת הגוף לספוג חומרים מזינים. לעיתים קרובות משתמשים בה במקרים של חולשה וחוסר איזון במערכת העיכול.
132,Bl28,GUAN SHU - גואן שו,Bladder Shu - שו של שלפוחית השתן,"Pang Guan – שלפוחית השתן, Shu – אסוציאציה/נקודת חיבור","פאנג גואן – שלפוחית השתן, שו – אסוציאציה","1.5 צון לטרלית לקו האמצע, בתוך הנקב הסקראלי השני",ניקוב אנכי לעומק 0.5-1 צון,1. נקודת שו של שלפוחית השתן. 2. מקבלת שלוחה משלפוחית השתן. 3. מחזקת את תפקודי המרידיאן והאיבר. 4. פותחת סטגנציה של נוזלים ושתן בשלפוחית השתן. 5. מסלקת חום ולחות משלפוחית השתן ומג'יאו תחתון. 6. מפזרת נוזלים צלולים בכל הגוף. 7. מזינה את זאנג-פו ואת כל הגוף עם ג'ין ויה. 8. מצננת ומלחה את העור.,"1. מטפלת בכאב על ידי שחרור לחץ מהצטברות נוזלים בשלפוחית השתן. 2. מחזקת את שריר שלפוחית השתן, מטפלת באי שליטה במתן שתן וקשיים במתן שתן.",,
133,Bl29,ZHONG LU SHU - ג'ונְג לוּ שוּ,Shu of Sacrum and Central Backbone - שוּ של העצה והגב המרכזי,"Zhong – מרכז, אמצע Lu – עמוד שדרה Shu – אסוציאציה. ממוקם במרכז הגב, בין השרירים המקבילים לעמוד השדרה. נקודה זו משפיעה על הגב ועמוד השדרה.","ג'ונְג - מרכז, אמצע. לוּ - עמוד השדרה. שוּ - אסוציאציה. ממוקמת במרכז הגב, בין השרירים המקבילים לעמוד השדרה. נקודה זו משפיעה על הגב ועמוד השדרה.","1.5 צון לטרלית לקו האמצע, בגובה הנקב העצבי השלישי של העצה.",ניקוב אנכי בעומק 0.5-1 צון.,"1. שוּ של העצה.
2. מניעה צ'י מקומי.",1. מטפלת בכאב מקומי.,,
134,Bl30,BAI HUAN SHU - בַּאי חְוַאן שׁוּ,White Ring Shu - שׁוּ הטַבַּעַת הַלְּבָנָה,"Bai - לבן; Huan - טבעת; Shu - נקודת אסוציאציה. במטאפיזיקה הטאואיסטית, באי חואן שו קשור לאזור שבו מאוחסנים תמציות. זוהי נקודת אחסון חשובה של צ'י ומחוברת למקור של GV. ידועה גם בשם שער הירקן.","באי - לבן, חואן - טבעת, שו - אסוציאציה. במטאפיזיקה הטאואיסטית, באי חואן שו קשור לאזור שבו מאוחסנים תמציות. זוהי נקודת אחסון חשובה של צ'י ומחוברת למקור של GV. ידועה גם בשם שער הירקן.","1.5 צון לטרלית לקו האמצע של הגב, בגובה הפוראמן הסקרלי הרביעי.",ניקוב אנכי בעומק 0.5-1 צון.,"1. שו של פי הטבעת.
2. שו של הנרתיק.
3. מפזר ומסלק לחות מהגוף.","1. מטפל בבעיות גינקולוגיות.
2. מנקה ומטהר את המעיים.",,"ישנן דעות רבות לגבי משמעות המונח ""באי חואן שו"". מדוע יתייחסו אליו כשער ירקן? נראה לא סביר שאבן חן יקרה כזו תקושר לחלק זה בגוף? יש הסבורים ש""באי"" - לבן הוא התייחסות ליסוד המתכת המשמש לתפקיד של שרטוט גבולות. זהו אחד הגבולות התחתונים של הגוף. לפי הטבעת והנרתיק כפתחים תחתונים יש משימה מכרעת לשמר חומרים טהורים ולשחרר את אלה שאינם נחוצים. עם זאת בחשבון אפשר להסכים ש-BL30 היא נקודת השו של פי הטבעת והנרתיק."
135,Bl31,SHANG LIAO - שָׁאנְג לִיָאו,Upper Bone Hole - חור העצם העליון,"Shang - עליון, Liao - חריץ בעצם","שנג – עליון, ליאו – חריץ/מגרעת בעצם","בנקב העצה הראשון (Sacral Foramen), באמצע הדרך בין ה-PSIS לעצה.","ניצב, 0.5-1 צון.",מפגש עם כיס המרה (GB).,"1. מניע ומפעיל את הצ'י באזור הגב התחתון, הנרתיק והעצה.
2. מחזק ברכיים וגב תחתון.
3. מטפל בבעיות גב תחתון.
4. משחרר התכווצויות מקומיות.
5. לכאבים בכליות עם חוסר יכולת להסתובב וגירוד באיברי המין, יש לדקור נקודות עצה דו-צדדיות ונקודות כואבות נוספות.
Nei Ching
Su Wen – 31: “פונג הוא גורם עיקרי להפרעות רבות. אם המטופל מראה סימנים של כאבי כליות, חוסר יכולת לסובב את הגוף וגרד באיברי המין, יש לדקור את נקודות ליאו דו-צדדיות BL31,32,33,34 בנוסף לנקודות כואבות אלה”",,
136,Bl32,CI LIAO - צִי לִיָאו,Second Bone Hole - נקב העצם השני,Ci - שני,Liao - חריץ בעצם,בנֶקֶב העצם השני בעצם העצה,ניקוב ניצב 0.5-1 צוּן,"1. מקדם את זרימת הצ'י המקומי
2. שולח צ'י לכפות הרגליים
3. שולח צ'י לרחם","מטפל בהפרשות וגינליות לבנות/אדומות
מטפל בקשיי מתן שתן, כאבי גב תחתון
21 קונוסי מוקסה להצטננות רגילה, קור חריף בכפות הרגליים
מטפל בהתכווצויות/עוויתות של הרחם
מטפל בצירים
מקדם את פתיחת צוואר הרחם",,
137,Bl33,ZHONG LIAO - ג'ונג ליאו,Middle Bone Hole - חור העצם האמצעי,"Zhong – center - ג'ונג – מרכז
Liao – notch in a bone - ליאו – חריץ בעצם","ג'ונג – מרכז
ליאו – חריץ בעצם",בפוראמן הסקראלי השלישי,ניקוב אנכי 0.5-1 צון,"1. נקודת מפגש עם כיס המרה (GB)
2. מקדם את זרימת הצ'י המקומית",משפיע על שלפוחית השתן,יש לנקוט משנה זהירות בעת ניקוב עקב קרבה למבנים עצביים.,נקודה זו משמשת לעיתים קרובות לטיפול בבעיות גב תחתון ובעיות אורוגניטליות.
138,Bl34,XIAO LIAO - שיאו ליאו,Lower Bone Hole - חור העצם התחתון,Xia – lower - שיאו – תחתון Liao – notch in a bone - ליאו – חריץ בעצם,Xia – תחתון Liao – חריץ בעצם,In the 4th sacral foramen - בתוך הנקב הסקראלי הרביעי,0.5-1 cun - 0.5-1 צון,1. Promotes the flow of local CHI - מקדם את זרימת הצ'י המקומית.,2. Influences the Bladder - משפיע על שלפוחית השתן,,
139,Bl35,HUI YANG - חווי יאנג,Meeting of Yang - נקודת מפגש היאנג,"Hui – מפגש. Yang – אנרגיית היאנג (צ'י) ממרידיאני GV (מרידיאן השליטה) ו-BL (מרידיאן שלפוחית השתן), שניים ממרידיאני היאנג החשובים, נפגשים כאן.","חווי - מפגש. יאנג - אנרגיית היאנג (צ'י) ממרידיאני GV ו-BL, שניים ממרידיאני היאנג הבולטים, נפגשים בנקודה זו.",0.5 צון לטרלית לקצה עצם הזנב.,החדרה אנכית לעומק של 0.5-1 צון.,"1. מרכזת אנרגיית יאנג (צ'י) מקומית.
2. מקדמת את זרימת הצ'י ופותחת סטגנציה מקומית.
3. מביאה צ'י למערכות הרבייה הגברית והנשית.","1. מטפלת בכאבי גב תחתון במהלך הווסת.
2. מטפלת באימפוטנציה.
3. מטפלת בטחורים.",,
140,Bl36,צֶ'נְג פוּ,קבל ותמיכה,"צֶ'נְג - להחזיק, פוּ - תמיכה. ממוקם באזור הנושא את משקל פלג הגוף העליון.","צֶ'נְג – להחזיק, פוּ – תמיכה. ממוקם באזור הנושא את משקל פלג הגוף העליון.","בצד האחורי של הירך, באמצע הקו האופקי של הישבן.",ניצב 0.5-1 צוּן,"1. לכאבי גב תחתון, סיאטיקה המקרינה לאורך המרידיאן.
2. מקדם את זרימת הצ'י לרגליים.
3. מרגיע שרירים מקומיים.
4. מקדם השתנה.","1. מטפל בכאבי רגליים.
2. מטפל בכאבים מקיפאון נוזלים במרידיאן שלפוחית השתן.
3. מטפל בכאבים מטחורים על ידי ריכוך שרירים מקומיים.",,
141,Bl37,YIN MEN - יִין מֶן,Door of Abundance - דלת השפע,"YIN - שפע, Men - דלת. ממוקם באזור של יין שופע, בשר. ""Men"" הוא התייחסות לנקודת דיקור שבה צ'י נכנס ויוצא.","יִין - שפע, מֶן - דלת. הנקודה ממוקמת באזור עשיר ביִין, כלומר רקמה רכה ושרירית. ""מֶן"" מתייחס לנקודת דיקור דרכה צ'י נכנס ויוצא.",6 צון מתחת ל-BL36 על הקו המחבר בין BL36 ל-BL40.,ניקוב אנכי (פרפנדיקולרי) בעומק של 1 צון.,"1. מקדם את זרימת הצ'י לרגליים.
2. מרפה את השרירים בין העכוזים לברכיים.","טוב לכאבים בגב התחתון, בעכוזים וכאבים המקרינים לאורך הרגל.",יש לעסות לפני הדיקור.,
142,Bl38,פו שי (Fú Xì),נקודה צפה (Nekuda Tzafa),"פו (Fu) - צף, על פני השטח; שי (Xi) - נקודה. השם מתייחס למיקום השטחי מאוד של הנקודה מתחת לעור. מומלץ דיקור שטחי עבור נקודה זו.","פו (Fu) – שטחי, צף. שי (Xi) – נקודה. השם מתייחס למיקום השטחי מאוד של הנקודה מתחת לעור. מומלץ דיקור שטחי לנקודה זו.","1 צון מעל BL39, כאשר הברך כפופה מעט; 1 צון מעל לקפל בית הברך, מדיאלית לגיד ה-biceps femoris.","ניצב, 0.5-1 צון.","1. מקרר צ'י ומזרימו לגב התחתון/אזור הכליות.
2. מרכך את שרירי הגב התחתון.
3. פותח חסימות במרידיאן.","מטפל בכאבי גב תחתון.

ניי צ'ינג:
""כאשר יש חוסר הרמוניה של היאנג צ'יאו, אזור הכליות יהיה דלקתי וכואב. כאב זה מורגש כמו מכה בפטיש. לדקור נקודות יאנג צ'יאו BL59, BL60, BL61 ולהוסיף BL38"".",,
143,Bl39,WÈI YÁNG - וֵי יָאנְג,Bend Yang - יָאנְג הַמְעֻקָּם,"Wei – כפוף, עקום; Yang – יאנג. ממוקם בהיבט היאנג של הברך, בקפל בית הברך.","Wei - כפוף, Yang - יאנג. ממוקם בהיבט היאנג של הברך, בקפל בית הברך.","בצד הצידי של קפל בית הברך, מדיאלי לשריר ה-biceps femoris.",ניקוב אנכי 0.5-1 צון.,"1. ים תחתון של ה-TH (מחמם משולש) תחתון
2. מווסת את שלושת המחממים
3. מקדם טרנספורמציה של נוזלים בגוף
4. מווסת את זרימת הנוזלים בכל שלושת המחממים
5. פותח את מעברי המים","משפיע על שלפוחית השתן (BL) ומטפל בבעיות שתן.
מטפל בבעיות ברכיים, לדוגמה נוקשות כתוצאה מהצטברות נוזלים וחום מקומי.
מטפל בחוסר תחושה והתכווצויות ברגליים מחוסר איזון של יין/יאנג ברגליים.
Nei Ching (ספרות קלאסית ברפואה סינית)
נקודה זו היא חלק מקבוצת נקודות 'ים הרגל' יחד עם GB34, ST36, ST39, ST37.
מחזק את המחמם התחתון. כאשר הוא חלש, יש קושי בשליטה בפתח השופכה והצטברות שתן עם חוסר יכולת להשתין. כאשר המחמם התחתון חלש - יש לחזק BL39. אם יש הצטברות ומלאות של שלפוחית השתן, יש לפזר BL39.",אין,אין
108,Bl4,QU CHAI - צִ'י צָ'אי,Crooked Curve - עִקּוּל עָקוּם,"Qu – bend, crooked (עִקּוּל, עָקוּם); Chai – curved, winding (מְעֻקָּל, מְפותָל). ""Qu chai"" (צִ'י צָ'אי) הוא התייחסות למיקום הנקודה, שאינו על הקו הישר עם BL2 ו-BL3. בנקודה זו המרידיאן סוטה מהנתיב הראשי שלה.","Qu – כיפוף, עקום; Chai – מעוקל, מתפתל. ""צִ'י צָ'אי"" היא התייחסות למיקום הנקודה, אשר אינה נמצאת על קו ישר עם BL2 ו-BL3. בנקודה זו המרידיאן סוטה מהנתיב העיקרי שלו.","3.5 צון מעל הגלבלה, 1.5 צון לטרלית לקו האמצע או 1/3 הדרך מקו האמצע ל-ST8.",מידע על טכניקת הדיקור אינו סופק.,1. מוריד צ'י מטה.,"1. מטפל בכאבי ראש פרונטליים. 
2. פותח חסימות בסינוסים הפרונטליים.",אזהרות לא סופקו.,הערות לא סופקו.
144,Bl40,וֵיי ג'ונְג,כיפוף אמצעי,"וֵיי – קפל, עקום ג'ונְג – מרכז. ממוקם במרכז הקפל האחורי של הברך (פופליטאלי)","וֵיי – קפל, עקום ג'ונְג – מרכז. ממוקם במרכז הקפל האחורי של הברך (פופליטאלי)",במרכז הקפל האחורי של הברך (פופליטאלי),"ניצב, 0.5-1 צוּן","1. נקודת ים (He-Sea)
2. נקודת אדמה
3. נקודת יציאה של המרידיאנים הדיברגנטיים של הכליה ושלפוחית השתן
4. נקודת שליטה של הירכיים והגב התחתון
5. מקררת את הדם
6. מטהרת את הדם
7. מרגיעה את ה-SHEN
8. מסדירה את H-E-M","1. מטפלת בבעיות שינה
2. מטפלת בכאב המקרין לאורך כל הרגל
3. מטפלת בכאבי גב תחתון, כאבי חזה וכאבי ירך
4. מטפלת בבעיות עור מחום בדם
Nei Ching
Su Wen – 32: “אחת מהנקודות לסילוק חום מהגפיים, האחרות הן KID11, LU2 ו-CO15”
Su Wen – 35: “כאשר רוח רעה חודרת לטאי יאנג, המטופל יסבול מכאבי כליות, תחושת כבדות בראש וקור בגב ולבסוף יהיה לו חום גבוה. אם קידום הזעה לא מרפא את המטופל, דקרו והקזו דם ב-BL40”
Su Wen – 36: “כאשר רוח רעה חודרת לכליה, המטופל ירעד, יסבול מכאבים בכליות ובגב, עצירות, בעיות ראייה והאישונים ינועו כל הזמן. דקרו BL40, KID4 ו-KID3.” בכל המחלות הנובעות מרוח, דקרו BL40 3 פעמים. לאחר הפעם הראשונה ה-CHI הרע יאבד מכוחו. לאחר הפעם השנייה מצבו של המטופל יחזור לקדמותו. לאחר הפעם השלישית המטופל יירפא. אם זה לא המקרה, דקרו והקזו דם את נקודת האיחוד של המרידיאנים, הממוקמת מתחת ללשון. (נקודות אלו הן “zin zin” ו-“yee yee” הן נקודות המפגש של צ'י הכליה עם הלשון). אם המטופל לא מתאושש מיד, דקרו והקזו דם ב-BL40. אם הוא עדיין לא התאושש, דקרו את 5 נקודות ה-SHU של איברי ה-Zang ואת 5 הנקודות הצידיות להן. “כאשר ההפרעה נובעת מ-FONG יש לדקור את הנקודה המדויקת או שהמחלה תחמיר. אם המחלה באה לידי ביטוי בכאבי ראש, הירדמות ואי נוחות ברגליים, אז עלינו לדקור את הנקודות הממוקמות על הראש ועל הקרסול הצידי - BL61. אם המחלה מתחילה בכאב בעמוד השדרה וכאב ליד הכליות, דקרו והקזו דם ב-BL40.”
Su Wen – 41: “כאשר מרידיאני הטאיי יאנג מותקפים, המטופל יסבול מכאבים ליד הכליות המקרינים כלפי מעלה לצוואר ומטה לירכיים. הוא ירגיש כאילו הוא נושא מטען כבד. דקרו ב-BL40 והקזו דם. אם זה קורה במהלך האביב, אל תדקרו נקודה זו”",,
145,Bl41,פו צ'נג (Fu Cheng),ענף מחובר (Attached Branch),"פו – לעזור, לתמוך; צ'נג – להחזיק, להרים. הנקודה הראשונה בקו השני של המרידיאן. היא נתפסת כמרידיאן משני המספק צ'י למרידיאן הראשי.","פו – לעזור, לתמוך; צ'נג – להחזיק, להרים. הנקודה הראשונה בקו השני של המרידיאן. היא נתפסת כמרידיאן משני המספק צ'י למרידיאן הראשי.",3 צון לטרלית לקו האמצע הגבי העליון (L.B.S.P.) של T2 (בגובה BL12).,"ניצב, 0.5-0.8 צון.","1. נקודת מפגש עם טאי יאנג.
2. נקודת מפגש עם מרידיאן המעי הדק.
3. מגרשת פתוגנים חיצוניים.","1. מטפלת בכאב גב עליון.
2. מוקסה לגירוש רוח קרה מקומית.",,
146,Bl42,PO HU - פּוּ הוּ,Po Entrance - כניסת הפוּ,"Po (פּוּ) - נשמה פיזית; Hu (הוּ) - דלת. לפי ה""סוּ וֶן"", הפוּ מאוחסן בריאות. נקודה BL42 ממוקמת לטרלית לנקודת השוּ של הריאות, BL13. היא נקראת ""כניסת הפוּ"". המקום בו הצִ'י נכנס ויוצא.","פּוּ – הנשמה הפיזית; הוּ – דלת. על פי ה""סוּ וֶן"" (Su Wen), הפוּ מאוחסן בריאות. BL42 ממוקמת לטרלית לנקודת השוּ של הריאות, BL13. היא נקראת ""כניסת הפוּ"", המקום בו הצִ'י נכנס ויוצא.",3 צון לטרלית לקו האמצע האחורי של T3 (בגובה BL13).,"אלכסונית, 0.5-0.8 צון.","הפּוּ הוא ההיבט הרוחני של הריאות.
מחזק את ההיבטים הפיזיים: דם (Xue), צִ'י ויִין.
מחזק את הקשר של האדם לאדמה.
מחזק ומקדם את הביטוי של החוזק והצרכים הפנימיים של האדם.","1. מאזן את ההוּן.
2. עוזר להביא רעיונות ופנטזיות לפרופורציה.
3. מחזק את הנשימה.
נֶי צִ'ינג (Nei Ching).
סוּ וֶן (Su Wen) – 36: ""שייך לקבוצת הנקודות המטפלות במחלות רוח המפריעות לאיזון הפנימי של 5 האלמנטים, כאשר הסימפטומים מופיעים יותר בשעות הלילה עם דופק מלא, מהיר ומשתנה, לדקור BL49, 47, 44, 52 ולהזליף דם מ- BL42"".",,
147,Bl43,GAO HUANG - גָאוּ חְוָאנְג,Shu of the Vital Centers - שוּ של המרכזים החיוניים,"Gao – אזור מתחת ללב Huang – הקרום מעל הסרעפת. האזור ""גָאוּ חְוָאנְג"" ממוקם ישירות מתחת ללב. טקסטים עתיקים מתארים אזור זה כמארח איברים חיוניים בעלי תפקידים חשובים במאבק בפאתוגנים חיצוניים התוקפים את הלב. בארבעת ספרי הדיקור נכתב שמחלות מעל ה-Huang ומתחת ל-Gao ניתנות לריפוי. אך לא על ידי פורמולות צמחים או דיקור. זה יכול להיעשות רק על ידי מוקסה על BL43.","Gao – אזור מתחת ללב, Huang – הקרום מעל הסרעפת. האזור ""גָאוּ חְוָאנְג"" ממוקם ישירות מתחת ללב. טקסטים עתיקים מתארים אזור זה כמארח איברים חיוניים בעלי תפקידים חשובים במאבק בפאתוגנים חיצוניים התוקפים את הלב. בארבעת ספרי הדיקור נכתב שמחלות מעל ה-Huang ומתחת ל-Gao ניתנות לריפוי. אך לא על ידי פורמולות צמחים או דיקור. זה יכול להיעשות רק על ידי מוקסה על BL43.",3 צון לטרלית ל-L.B.S.P. של T-4 (בגובה BL14),אלכסונית והרחק מהעמוד השדרה 0.5-1 צון,"1. מסדיר את הצ'י של הריאות והלב
2. מחזק את הג'יאו העליון במצבי חוסר
3. מחזק את הצ'י של ST/SP, מחזק JE-CHI, XUE, JIN
4. מחזק את הדם ואת זרימת הדם","1. מטפל בהיסטריה אצל נשים מחוסר דם והפרעת SHEN
2. מחזק את הדפקים של האדמה והריאות
3. מחזק צ'י
4. תומך בשמירה על צ'ינג
5. מחזק יכולות מנטליות",,
148,Bl44,SHEN TANG - שֵׁן טָאנְג,Shen Temple - מקדש הנשמה,"Shen - רוח, נשמה. Tang - מקדש. הלב מאחסן את ה-SHEN. נקודת BL44 ממוקמת לטרלית ל-BL15 (נקודת השו של הלב).","שֵׁן (Shen) מייצג את הרוח, הנשמה או התודעה, וטָאנְג (Tang) מתייחס למקדש. הנקודה ממוקמת בסמוך לנקודת BL15, נקודת השו של הלב, האיבר אשר אחראי על אחסון ה-Shen.",3 צון לטרלית לקו האמצע האחורי של T5 (בגובה BL15),"אלכסונית, 0.5-0.8 צון","ה-SHEN הוא ההיבט הרוחני של הלב.
מרגיעה את הנשמה.
מאזנת את הלב.
מרגיעה את הגוף.
מקדמת חיוניות.
מווסתת בין SHEN ו-HUN.
תומכת בדם – נוזל החיים.
מחברת את האדם לטבעו האמיתי.",1. מקדמת חשיבה מסודרת.,,
149,Bl45,יי שי (YI XI),"בכי, אנחה, צחוק","יי/שי - בכי, אנחה, צחוק. טקסטים רבים מסכימים שכאשר מופעל לחץ על BL45, המטופל יצחק, יבכה או יאנח.","יי/שי - בכי, אנחה, צחוק. טקסטים רבים מסכימים שכאשר מופעל לחץ על BL45, המטופל יצחק, יבכה או יאנח.",3 צון לטרלית לקו האמצע האחורי של T6 (בגובה BL16).,אלכסונית 0.5-0.8 צון.,"1. מחזק את ה-טאי יאנג.
2. מחזק את ה-ווי צ'י.
3. מגרש פתוגנים של רוח חיצונית.
4. מחזק את זרימת הצ'י מתוך הגוף החוצה.
5. מכווץ את הנקבוביות על ידי הבאת יאנג לעור.
6. מחזק את זרימת הצ'י והדם.","1. מטפל בהתעלפויות וכאבי ראש מחוסר צ'י ודם.
2. מטפל בהצטננות רגילה.
3. עם מוקסה לטיפול ברוח אלימה הגורמת להזעה.
Nei Ching
Su Wen – 60: ""כאשר לוחצים על הנקודה באצבע, בקש מהמטופל לבכות, הנקודה קופצת תחת לחץ. אם למטופל יש כאבים בחלק הקדמי של הגוף ובצדדים המקרינים לבטן התחתונה (שהיא דלקתית), דקרו את הנקודה"".",,
150,Bl46,GE GUAN - 膈關 (תעתיק פין-יין לעברית),שער הסרעפת,"Ge - סרעפת, Guan - שער. ממוקם 1.5 צון לטרלית ל-BL17 (נקודת השו של הסרעפת). ""Guan"" מראה לנו שהסרעפת נתפסת כשער בין הג'יאו העליון והאמצעי. יכול להתייחס גם לנקודת כניסה/יציאה של צ'י.","Ge - סרעפת, Guan - שער. ממוקם 1.5 צון לטרלית ל-BL17 (נקודת השו של הסרעפת). ""Guan"" מראה לנו שהסרעפת נתפסת כשער בין הג'יאו העליון והאמצעי. יכול להתייחס גם לנקודת כניסה/יציאה של צ'י.",3 צון לטרלית לקו האמצע הגבי של T7 (בגובה BL17),"ניצב, 0.5-0.8 צון","1. פותחת את מעברי הצ'י בין הג'יאו העליון לאמצעי ובחזרה.
2. מסדירה טחול/קיבה.
3. מסדירה צ'י ריאות.
4. מסדירה בין ריאות לטחול.","1. מנקה סטגנציות ומרגיעה את הקיבה.
2. מטפלת בקושי בבליעת נוזלים ומוצקים.
3. מטפלת בהקאות וגיהוקים.",אין מידע זמין,אין מידע זמין
151,Bl47,HUN MEN - הון מן,Hun Door - דלת ה-Hun,"Hun – הגוף האסטרלי Men – דלת, שער נאמר כי ה-HUN נכנס ויוצא מהגוף דרך נקודה זו","הון - הגוף האסטרלי מן - דלת, שער. נאמר כי ה-HUN נכנס ויוצא מהגוף דרך נקודה זו.",3 צון לטרלית לקו האמצע הגבי התחתון של T9 (בגובה BL18),"ניצב, 0.5-0.8 צון","1. נקודת Shu של ה-Hun, ההיבט הרוחני של הכבד
2. מקדמת יצירתיות
3. מחזקת את הקשר בין ה-SHEN ל-Hun
4. מפעילה ומסדירה את הקשר בין Po ל-Hun
5. מפתחת את הדמיון","1. שימושית בטיפול במטופל שמרגיש תקוע ואין לו רעיונות חדשים
2. מקדמת בהירות מחשבתית
3. מנקה קיפאון מנטלי
4. מנתקת את המטופל מחומריות מוגזמת
Nei Ching
Su Wen – 26: ""לטיפול בכאבי לב כאשר למטופל אין בעיה לב פיזית. במקרה זה יש לעסות את BL47 לתקופה ממושכת, לדקור אותו ולעסות אותו שוב. כל הכאב צריך להשתחרר מיד. אם לא, לדקור ולעסות את הנקודות מעליו ומתחתיו"".",,
152,Bl48,YANG GANG - יַאנְג גַאנְג,Essence of Yang - תמצית היאנג,"Yang - יאנג, Gang - תמצית. באופן כללי, נאמר כי הנקודות על הקו הצידי של מרידיאן שלפוחית השתן מרחיבות את תפקודי הנקודות על הקו האמצעי. מכיוון שנקודת ה-Shu של כיס המרה ממוקמת 1.5 צון מדיאלית ל-BL48, BL48 נחשבת לנקודה עם קשר לכיס המרה. כיס המרה הוא הנציג היאנג של אלמנט העץ - אביב. האביב הוא עונת היאנג הראשונה.","יאנג – יאנג, גנג – תמצית. באופן כללי, נאמר כי הנקודות על הקו הצידי של מרידיאן שלפוחית השתן מרחיבות את תפקודי הנקודות על הקו האמצעי. מכיוון שנקודת ה-Shu של כיס המרה ממוקמת 1.5 צון מדיאלית ל-BL48, BL48 נחשבת לנקודה עם קשר לכיס המרה. כיס המרה הוא הנציג היאנג של אלמנט העץ - אביב. האביב הוא עונת היאנג הראשונה.",3 צון לטרלית לקו ה-L.B.S.P. של T10 (בגובה BL19),ניקוב אנכי בעומק 0.5-0.8 צון,"1. נקודת רפלקס לקיפאון צ'י ב-middle jiao (מחמם אמצעי)
2. מקדמת את זרימת היאנג
3. מנקה קיפאון (בעיקר ב-middle jiao)
4. מחזקת את ה-CHI המתפרץ של כיס המרה, פותחת חסימות בכיס המרה
5. תומכת בהיבט היאנג של העץ
6. מזרימה צ'י לקיבה (ST), מעי דק (SI) ומעי גס (CO), ופותחת קיפאון מקומי בכל מערכת","1. מנקה מלאות מהקיבה והמעיים
2. משחררת גזים מהמעיים
3. מקדמת את תנועת הסרעפת, מועילה לריאות, מקדמת זרימת צ'י בין המחממים העליונים והאמצעיים",,
153,Bl49,יי שה (YI SHE),בית הרעיונות (Beit HaRa'ayonot),"יי (Yi) – רעיון, שה (She) – בית. ממוקם 1.5 צון לטרלית מנקודת השו של הטחול (BL20). נקודות אלו מכילות ריכוז גבוה של צ'י הטחול. הטחול מאחסן את היכולת שלנו להרהר.","יי מייצג את יכולת ההרהור, הזיכרון והריכוז. נקודה זו מחזקת את יכולות אלו.",3 צון לטרלית לקו האמצע הגבי של T11 (בגובה BL20).,ניקוב אנכי בעומק 0.5-0.8 צון.,"1. יי הוא ההיבט הנפשי והרוחני של הטחול.
2. מחזק את הטחול.
3. מחזק את היכולת לחשוב ולהתרכז.
4. מקרקע את המטופל.
5. מקדם ריכוז מנטלי.
6. מקדם יציבות מנטלית ופיזית.
7. מקדם חשיבה שגרתית, יציבה ועקבית.
8. מווסת את 5 ההיבטים הרוחניים.
9. יי הוא הנציג של האדמה בין 5 ההיבטים הרוחניים. לכן הוא ממוקם במרכז. ה-4 הנותרים עוברים דרכו ומושפעים ממנו.","1. מווסת ומחזק את המחמם האמצעי.
2. מווסת את אלמנט האדמה.
3. מווסת את הטחול והקיבה.",ללא מידע,ללא מידע
109,Bl5,ווּ צ'וּ (WU CHU),חמישה אזורים (חמישה מחוזות),ווּ – 5; צ'וּ – אזור (מקום חמישי). הנקודה החמישית על מרידיאן שלפוחית השתן. 5 נקודות אזוריות בהתאם לחמשת האלמנטים.,ווּ – 5 צ'וּ – אזור (מקום חמישי). הנקודה החמישית על מרידיאן שלפוחית השתן. 5 נקודות אזוריות בהתאם לחמשת האלמנטים.,"4.5 צוּן מעל הגלבלה (בין הגבות), 1.5 צוּן לטרלית לקו האמצע.",אלכסונית (שטוחה) 0.3-0.5 צוּן.,"1. מרגיעה רוח פנימית.
2. מאזנת צ'י של חמשת האלמנטים, מאזנת את כל הגוף.
3. מאזנת את זרימת ה-Wei/Ying צ'י באמצעות מחזורי Ko ו-Sheng.","מטפלת בנזלת כרונית.
מווסתת את זרימת ה-Wei צ'י.
מטפלת בכאבי ראש הנובעים מחסימה של Wei צ'י בראש.
Nei Ching (ספר הרפואה הפנימית של הקיסר הצהוב).
Nei Ching - 26: ""מתוך קבוצת הנקודות המטפלות במיגרנות (ראש כבד עם כאב מקומי), כתוצאה מהפרעה בזרימה עקב צ'י רע/רוח חודרת"" - הנקודות האחרות בקבוצה זו הן BL 6-7-8-9.",,
154,Bl50,Wèi Cāng - 胃倉,אסם הקיבה (Stomach Granary),Cāng (倉) - אסם,"Wèi (胃) – קיבה. בטקסטים קלאסיים, ה-ST (Stomach meridian) מתואר כאסם. BL50 ממוקם 3 צון לטרלית לנקודת ה-Shu של הקיבה (BL21). הוא נחשב לנקודה שבה צ'י הקיבה מאוחסן.",3 צון לטרלית ל-L.B.S.P. של T12 (בגובה של BL21),ניקוב אנכי בעומק 0.5-0.8 צון,"1. מחזק את תפקוד הקיבה
2. מאזן ומווסת יין/יאנג בקיבה
3. מאזן ומווסת צ'י/דם בקיבה
4. מנקה קיפאון של מזון ונוזלים בקיבה
5. מטהר את הקיבה מליחה","1. מטפל בכל בעיות הקיבה הנובעות מחוסר איזון של יין/יאנג, צ'י/דם
2. מטפל בכאבי בטן ונפיחות",,
155,Bl51,HUANG MEN - חוּאַנג מֶן,Vital Gate - שער החיוניות,Huang - הקרום מעל הסרעפת. Men - שער. ממוקם בשער זרימת הצ'י בין המחמם האמצעי לתחתון.,חואנג - הקרום מעל הסרעפת. מן - שער. נקודה זו ממוקמת בשער זרימת הצ'י בין המחמם האמצעי לתחתון.,3 צון לטרלית לקו האמצע האחורי של הגב התחתון של L1 (בגובה Bl20),אלכסונית 0.5-1 צון,"1. מווסת את המחמם התחתון (TH)
2. מווסת את זרימת הצ'י בין המחמם העליון והאמצעי, ולהיפך.
3. מעלה צ'י טהור מהטחול (SP) לג'יאו העליון.
4. מוריד צ'י טהור מהריאות (LU) לג'יאו התחתון/אמצעי.","1. מטפל במתח ליד הלב (אזור החואנג).
2. מנקה קיפאון צ'י במחממים העליון והאמצעי.
3. מטפל בקוצר נשימה.
4. מווסת ומפעיל את מערכת העיכול.",,
156,Bl52,ZHI SHI - ג'ה שִׁי,Chamber of Will - לשכת הרצון,"Zhi - כוח רצון, Shi - לשכה, חדר. הכליות אוגרות את כוח הרצון. BL52 ממוקמת 1.5 צון לטרלית ל-BL23, נקודת השו של הכליות.","ג'ה - כוח רצון, שי - לשכה, חדר. הכליות אוגרות את כוח הרצון. BL52 ממוקמת 1.5 צון לטרלית ל-BL23, נקודת השו של הכליות.",3 צון לטרלית לקו האמצע הגבי התחתון של L2 (בגובה BL23).,ניקוב אנכי לעומק 0.5-1 צון.,"מחזקת את כוח הרצון, ג'ה (ההיבט הרוחני של הכליות). מחזקת את הכליות, במיוחד יין כליות. מרכזת את הג'ינג, מחזקת את הקשר בין השן והג'ינג. מרכזת צ'י כליות. מביאה את היצירתיות של השן - הון לפעולה. תומכת באדם כפי שהוא. תומכת בטבע האמיתי ומקדמת ביטחון עצמי. מווסתת בין השן והג'ה. מווסתת בין רוחניות ופיזיות. עוזרת להתגבר על פחד ועצבנות על ידי חיזוק כוח הרצון והיכולת לפעול.",,,
157,Bl53,BAO HUANG - בָּאוּ הּוּאָנְג,Huang Envelope - מַעֲטֶפֶת חוּאָנְג,"Bao – מַעֲטֶפֶת, עֲטִיפָה, קְרוּם, Huang – קְרוּם תַּחַת הַטַּבּוּר. בִּטֶקְסְטִים עַתִּיקִים, ""בָּאוּ"" הִתְיַיֵּחֵס לִשְׁלַפּוּחִית הַשֶּׁתֶן בִּכְלָל אוֹ לָרֶחֶם בִּפְרָט. מֵאַחַר וְהַסּוּ וֶן טוֹעֵן שֶׁ""הּוּאָנְג בּוֹלֵט מִתַּחַת לַטַּבּוּר"", נִרְאֶה כִּי הַשֵּׁם מִתְייַחֵס לְאֶחָד מֵהָאִיבְרִים הָאֵלֶּה.","בָּאוּ - מַעֲטֶפֶת, עֲטִיפָה, קְרוּם. חוּאָנְג - קְרוּם תַּחַת הַטַּבּוּר. בִּטֶקְסְטִים עַתִּיקִים, ""בָּאוּ"" הִתְיַיֵּחֵס לִשְׁלַפּוּחִית הַשֶּׁתֶן בִּכְלָל אוֹ לָרֶחֶם בִּפְרָט. מֵאַחַר וְהַסּוּ וֶן טוֹעֵן שֶׁ""הּוּאָנְג בּוֹלֵט מִתַּחַת לַטַּבּוּר"", נִרְאֶה כִּי הַשֵּׁם מִתְייַחֵס לְאֶחָד מֵהָאִיבְרִים הָאֵלֶּה.",3 צוּן לָטֶרָלִי לְקַו הָאֶמְצַע בְּגוֹבַהּ הַנֶּקֶב הַשֵּׁנִי שֶׁל הָעֲצֶם הַמְּקֻדֶּשֶׁת (BL28).,נִיקּוּר נְאוּךְ בְּזָוִית יְשָׁרָה בְּעֹמֶק 0.5-1 צוּן.,"פּוֹתֵחַ אֶת נְתִיבֵי הַמַּיִם.
מְעוֹדֵד טְרַנְסְפוֹרְמַצְיָה וְהוֹבָלָה שֶׁל נוֹזְלִים.
מַזְרִים צִ'י לָרֶחֶם.
מוֹוסֵת אֶת הַצִ'י שֶׁל הַגִּ'יאוֹ הַתַּחְתּוֹן וְאֶת אִיבְרֵי הָרְבִיָּה בְּגַבְרִים וּבְנָשִׁים.
מְחַזֵּק אֶת שַׁלְפּוּחִית הַשֶּׁתֶן.","1. מְטַפֵּל בְּכְאֵב פְּנִימִי, שִׁטְחִי אוֹ מְקוֹמִי.
2. מְטַפֵּל בִּכְאֵב גַּב תַּחְתּוֹן/יָרֵךְ.
3. מְשַׁחְרֵר לַחַץ מִשַּׁלְפּוּחִית הַשֶּׁתֶן.",,
158,Bl54,ZHI BIAN - ג'י ביאן (תעתיק פונטי),Sequential Limit - גבול סדרתי,"Zhi - סדרתי, Bian - צד, גבול, קצה. BL54 היא הנקודה האחרונה על הקו הצידי של מרידיאן שלפוחית השתן לפני שהוא ממשיך לזרום מאחורי הרגל. זהו הגבול התחתון של הרצף, שהתחיל ב-BL41.","Zhi - סדרתי, Bian - צד, גבול, קצה. BL54 היא הנקודה האחרונה על הקו הצידי של מרידיאן שלפוחית השתן לפני שהוא ממשיך לזרום מאחורי הרגל. זהו הגבול התחתון של הרצף, שהתחיל ב-BL41.","3 צון לטרלית לקו האמצע של הגב, בגובה הנקב הסקראלי הרביעי.",ניקוב אנכי בעומק של 0.5-1 צון.,1. מקדם זרימת צ'י מקומית.,1. מטפל בכאבי גב תחתון המקרינים לישבן ולרגליים.,אין אזהרות שצוינו.,אין הערות שצוינו.
159,Bl55,הֶה יָאנְג,איחוד היאנג,"הֶה - לאחד, יָאנְג - היאנג. ממוקם ישירות מתחת לנקודת הֶה - ים של שלפוחית השתן (BL), מתחת לקפל הברך, היכן שענף פנימי של BL מתאחד עם המרידיאן הראשי. ""יאנג"" מתייחס לשלפוחית השתן (BL), מרידיאן היאנג.","הֶה - לאחד, יָאנְג - היאנג. נקודה זו ממוקמת מתחת לנקודת הֶה - ים של שלפוחית השתן (BL), מתחת לקפל הברך, במקום בו ענף פנימי של שלפוחית השתן מתאחד עם המרידיאן הראשי. ""יאנג"" מתייחס למרידיאן שלפוחית השתן, שהוא מרידיאן יאנג.","2 צוּן מתחת ל-BL40, בקו האמצע האחורי של הירך, בין שני ראשי שריר הסובך (gastrocnemius).",ניקוב אנכי בעומק 0.5-1 צוּן.,משחרר התכווצות במרידיאן שלפוחית השתן (BL). משחרר לחץ במרידיאן שלפוחית השתן (BL). מנקה סטגנציה ממרידיאן שלפוחית השתן (BL).,1. מטפל בכאב לאורך מרידיאן שלפוחית השתן (BL).,,
160,Bl56,CHENG JIN - צֶ'נְג גִ'ין,Muscle Support - תמיכת שריר,"צֶ'נְג – לתמוך, גִ'ין – שרירים. מיקום הנקודה בין ראשי שריר הסובך, משמשת לטיפול בבעיות שרירים ובעיות מקומיות.",נקודה זו ממוקמת בין ראשי שריר הסובך (gastrocnemius) ומשמשת לטיפול בבעיות שרירים ובעיות מקומיות.,"5 צון מתחת ל-BL40 בקו האמצע האחורי של הירך, במרכז שריר הסובך.","ניצב 0.5-1 צון, עיסוי לפני דיקור.","מחזקת את תפקוד היאנג (כיפוף, פשיטה) של שרירי הרגליים.","1. מטפלת בכאבי שרירים לאורך הרגל.
2. מטפלת בחולשת שרירי הרגליים.
3. מטפלת בניוון שרירי הרגליים.
Nei Ching – 52: ""ישנם 4 אזורים קריטיים המושפעים מפתולוגיות במרידיאנים; החזה, הבטן, הרגליים והשוקיים. יש לדקור אזורים אלו כדי למנוע חסימות של צ'י. על הראש, לדקור את נקודת הראש, על החזה את נקודת החזה, על הבטן, את נקודת הבטן משני צידי הטבור, על הירכיים BL56, 57 ו-58. השתמשו במחטים קטנות ועסו את הנקודות לפני הדיקור"".",לא צוינו.,לא צוינו.
161,Bl57,צֶ'נְג שָׁאן,תמיכת ההר,"צֶ'נְג – תמיכה, שָׁאן – הר. שרירי הסובך (גסטרוקנמיוס) מושווים לשני הרים. BL57 ממוקמת בנקודה שתומכת במשקלם של הרים אלו.","צֶ'נְג – תמיכה, שָׁאן – הר. שרירי הסובך (גסטרוקנמיוס) מושווים לשני הרים. BL57 ממוקמת בנקודה שתומכת במשקלם של הרים אלו.","8 צוּן מתחת ל-BL40 על קו האמצע, בראש המשולש שנוצר כאשר הרגל בכפיפה פלנטרית (plantar flexion).",ניקוב אנכי בעומק 0.5-1 צוּן.,מחזקת את שרירי הסובך (גסטרוקנמיוס). תומכת ביציבות הגוף. מחזקת את הרגליים. פותחת התכווצויות וחסימות לאורך מרידיאן שלפוחית השתן (BL).,לא זמין,לא זמין,"נֶי צִ'ינְג. סוּ וֶון – 41: ""לכאב גב תחתון הנגרם ממאמץ במרידיאן שלפוחית השתן (BL), וכאשר כאב זה מופיע בפתאומיות יש לדקור את BL57."""
162,Bl58,FEI YANG - פֵיי יָאנְג,Flying Yang - יָאנְג מְעוֹפֵף,"Fei – לעוף; Yang – לעלות, להתפזר. נקודה BL58 היא נקודת ה- Lou של שלפוחית השתן, שם המרידיאן מתחבר לכליה. מכאן, הצ'י מתפזר מהצד היאנג לצד היין של הרגל. זהו המקום בו היאנג (שלפוחית השתן) מתפזר ליין (כליה).","Fei – לעוף Yang – לעלות, להתפזר. BL58 היא נקודת ה- Lou של שלפוחית השתן, שם המרידיאן מתחבר לכליה. מכאן, הצ'י מתפזר מהצד היאנג לצד היין של הרגל. זהו המקום בו היאנג (שלפוחית השתן) מתפזר ליין (כליה).","7 צון מעל BL60, באמצע הדרך בין קו האמצע האחורי של הרגל לגבול האחורי של השוקה.",ניקוב אנכי בעומק של 1 צון.,"1. נקודת Lou, שולחת שלוחה ל- KID3.
2. מפעילה את יין הכליה.
3. פותחת חסימות ברמת היין.
4. מניעה יין ויאנג בכל הגוף.","1. מסירה חסימות מהמרידיאן.
2. מטפלת בכאבי ראש ובאף סתום.
3. מטפלת בכאבים בעמוד השדרה.
Nei Ching
Ling Shu – 21: ""כאשר מחלה חמה או קרה תוקפת את העור, העור מתחיל לכאוב עד שאדם כבר לא יכול לשכב עליו. כמו כן, המטופל לא יזיע ועורו ואפו יהיו יבשים. במקרה זה, יש לנקב נקודה זו כדי לפזר את החום, ואז לתמוך בריאות.""",,
163,Bl59,פו יאנג,מדרך יאנג,פו – היבט היאנג של כף הרגל. יאנג – יאנג. ממוקם מעל היבט היאנג של כף הרגל.,"פו - היבט היאנג של כף הרגל, יאנג - יאנג. נקודה הממוקמת מעל ההיבט היאנגי של כף הרגל.",3 צון ישירות מעל BL60.,ניקוב אנכי 0.5-1 צון.,"נקודה על היאנג צ'יאו מאי.
שי – נקודת הפיצול של היאנג צ'יאו מאי.
מחזקת את היאנג צ'יאו מאי.
תומכת בזרימת היאנג בכל הגוף.","1. מחזקת את הגב.
2. עם BL61+BL62 לכאב כליות כאשר היאנג צ'יאו מותקף.
Nei Ching.
Su Wen – 41: ""לכאב כליות הנובע מהתקפה של היאנג צ'יאו, כאב שמרגיש כמו מכה בפטיש עם נפיחות, דקור את נקודות היאנג צ'יאו של הרגל. נקודות אלה הן BL59, BL61 ו-BL62"".",,
110,Bl6,CHENG GUAN - צֶ'נְג גוּאַן,Receiving Light - קבלת אור,"Cheng – לקבל, להחזיק; Guang – אור, להאיר. האור של השמש או הזרימה של צ'י יאנג בראש מוזכרים כאן. BL6 ממוקמת בראש הגולגולת.","צֶ'נְג (Cheng) – לקבל, להחזיק; גוּאַן (Guang) – אור, להאיר. מתייחס לאור השמש או לזרימת צ'י יאנג בראש. BL6 ממוקמת בחלק העליון של הראש.","5.5 צון מעל הגלבלה, 1.5 צון לטרלית לקו האמצע.",החדרה אלכסונית של 0.3-0.5 צון בכיוון זרימת המרידיאן.,1. מחזקת יאנג בראש ובפנים.,"1. מטפלת בכאב המקרין מהצוואר לראש.
2. נקודה מיוחדת לליקויי ראייה.
Nei Ching:
Nei Ching – 26: ""מתוך קבוצת הנקודות המטפלות במיגרנות (ראש כבד עם כאב מקומי), כתוצאה מהפרעה בזרימה עקב חדירת צ'י רע/רוח"". ""הנקודות האחרות בקבוצה זו הן BL 6-7-8-9"".",,
164,Bl60,קון לון,הרי קון לון,ההר מַעֲרָב סיני מפורסם,הפטישון הצידי מושווה להרי קון לון בסין,במגרעת באמצע הדרך בין הפטישון הצידי לגבול האחורי של גיד אכילס,ניצב 0.5 צון,"נקודת ג'ינג - נהר
נקודת אש
נקודת רפלקס
משפיעה על כל נוזלי הגוף, נקודת התחלה של מחזור נוזלי הגוף
מזרימה יין לחלקו העליון של הגוף, במיוחד הראש","1. מקררת חום ברמת העור
2. מטהרת חום על ידי קידום זרימת מים ונוזלים מיין כליות (KID)
3. מחזקת את הגב
4. מטפלת בכאבים לאורך עמוד השדרה
5. מטפלת בצירים
6. מטפלת בהפרעות בכליות - כאב לב המקרין לגב מלווה בהתכווצויות, חוסר יכולת לעמוד, להוסיף BL61, אם לא מצליח להוסיף KID2 + KID3
Nei Ching
Nei Ching – 20: ""כאשר צ'י רע תוקף את הכליות, למטופל יהיו כאבים בעצמות, תהיה רפיון של היין כאשר יש רפיון מקור החוסר נמצא ביין. אם אין נקודה שכואבת תחת לחץ או שהכאב לא יוצא לפני השטח יש לדקור את הנקודה. כאשר הבטן דלקתית ויש כאבי כליות, עצירות והמטופל מתלונן על סחרחורת, יש לדקור KID1 + BL60.""
Nei Ching – 26: ""בהפרעות בכליות המטופל ירגיש כאב בלב המקרין לגב. יהיו לו התכווצויות תכופות (כאב שמרגיש כאילו דוקרים אותו בגב) הוא לא יוכל לעמוד ישר. יש לדקור BL64 ו-BL60. אם המטופל לא מתאושש לאחר הוצאת המחטים, יש לדקור KID2 ו-KID3"".
Nei Ching – 38: ""כאשר יש חוסר צ'י בהיבטים העליונים של הגוף עם סחרחורת בחלק העליון, רעשי מעיים ועצירות במרכז ושיתוק בתחתית. בכל המקרים הללו יש לחזק את BL60 ולהשאיר את המחט לזמן ממושך"".
Su Wen – 60: ""לכאבי כליות עם תחושת בלבול, יש לדקור BL60, 64 ו-65"".
Ling Shu – 28: ""במקרים של חוסר בהיבט התחתון עם חולשה וקור ברגליים ותחושה של כבדות וקיפאון באזור הלב, יש לדקור נקודה זו"".
Ling Shu – 24: ""כאשר צ'י כליות גורם לכאבי לב, יש לדקור נקודה זו עם BL64"".",,
165,Bl61,PU CAN - פו צ'אן,Subservient Visitor - אורח כפוף,"Pu - משרת, עבד; Can - רוח, נשמה, לבקר אדם בדרגה גבוהה יותר","פו - משרת, עבד; צ'אן - רוח, נשמה, לבקר אדם בדרגה גבוהה יותר.","בצד הצידי של גיד אכילס, ישירות מתחת לנקודה BL60, במקום מפגש העור האדום והלבן.",ניקוב אנכי בעומק 0.5 צון.,נקודה על מרידיאן היאנג צ'יאו מאי.,"1. מטפלת בכאב בכליות כתוצאה מתקיפה של היאנג צ'יאו. 2. מטפלת בכאבי גב תחתון עם קושי להתכופף.
 Nei Ching 
 Su Wen – 41: “לכאבי גב תחתון, עם חוסר יכולת להתכופף קדימה או אחורה, נקבו BL61 ו-BL62”. 
 Su Wen – 63: “אם צ'י רע שוכן ביאנג צ'יאו וגורם לכאבים בעיניים המתחילים בזווית הפנימית (של העין), נקבו BL61 + BL62, אם העין השמאלית מושפעת נקבו בימין ולהיפך. המטופל יחלים תוך כשעה”.",,
166,Bl62,SHEN MAI - שֶׁן מַאי,Extending Vessel - כלי מתרחב / כלי מתפשט,"היאנג צ'יאו מאי מתחיל להתרחב מעל נקודה זו. ""שֶׁן"" הוא גם 15:00-17:00 (שלפוחית השתן)","שֶׁן - להרחיב, הגזע התשיעי (שלפוחית השתן). מַאי - ערוץ, כלי דם.",כ-1 צוּן מתחת לאמצע שיא הקרסול החיצוני.,ניקוב אנכי 0.3-0.5 צוּן.,"1. נקודת מפתח של היאנג צ'יאו מאי.
2. נקודת הצמדה של ה-GV (ערוץ השליטה).
3. מניעה היאנג.
4. מניעה צ'י דרך המרידיאנים.","1. מטפלת בכאב ופתולוגיות אחרות של ה-GV לאורך הגב.
 Nei Ching
 Su Wen - 69: ""כאשר צ'י רע תוקף את מרידיאן שלפוחית השתן, כאב יופיע בפינה הפנימית של העין, נקבו נקודה זו בצד הנגדי"".
 Ling Shu - 28: ""פיהוק מתמיד מטופל עם KID6 ו-BL62"".",אין מידע זמין,אין מידע זמין
167,Bl63,גִ'ין מֵן (JIN MEN),דלת הזהב,יסוד המתכת מקושר לשעות 3-5 לפנות בוקר בשעון הביולוגי. שלפוחית השתן (BL) גם קשורה לזמן זה. הצ'י והדם במרידיאן שלפוחית השתן זורמים דרך נקודה זו בשעה זו של היום. BL63 היא גם נקודת מפגש של היאנג וויי (Yang Wei) עם שלפוחית השתן.,"ג'ין (Jin) – מתכת, זהב. מֵן (Men) – דלת.",במגרעת על הקו המחבר בין BL62 ל- BL64.,דיקור בניצב 0.3-0.5 צון.,"1. נקודת חיץ (Xi-Cleft), מווסתת צ'י ודם במרידיאן.
2. נקודת יציאה של היאנג וויי מאי (Yang Wei Mai).","נאי ג'ינג (Nei Ching).
סו וון (Su Wen) – 41: ""כאשר היאנג וויי מותקף, למטופל יהיו נפיחויות פתאומיות וכאבים באזור המותני. יש לדקור את נקודת היציאה של היאנג וויי ואת הנקודה המאחדת של מרידיאן זה עם שאו יאנג (GB35)"".",יש לנקוט משנה זהירות בחולים עם רגישות גבוהה או הפרעות קרישה.,נקודה זו חשובה לטיפול בכאבי גב תחתון חריפים.
168,Bl64,JING GU - גִ'ינג גוּ,Capital Bone - עצם הבירה,"Jing – גדול Gu – עצם. בעבר, עצם המסרק החמישית כונתה ג'ינג גו. נקודה BL64 ממוקמת מתחת לעצם זו.","ג'ינג – גדול Gu – עצם. בעבר, עצם המסרק החמישית כונתה ג'ינג גו. נקודה BL64 ממוקמת מתחת לעצם זו.","במגרעת הדיסטלית והנחותה לכפתור המשני (sub-tuberosity) של עצם המסרק החמישית, היכן שהעור האדום והלבן נפגשים.",ניקוב אנכי 0.5 צון.,"1. נקודת יואן, מקבלת ענף מנקודה KID4.
2. מורידה צ'י כלפי מטה.
3. מורידה תחושת מלאות מהמחמם העליון.",לא צוין,לא צוין,"נאי צ'ינג:
סו וון – 36: ""תחת השפעת פונג, למטופל יש חום וצמרמורות, הדופק חלש, מלא או מהיר. לצרוב מוקסה על KID3 ולדקור את נקודת היאנג של הקו טאי יאנג, שהיא BL64.""
לינג שו – 24: ""כאב באזור הלב הנגרם מעליית צ'י יין וסטגנציה של חמשת האיברים המלאים יגרמו לכאבי גב וכאב שנמשך להיבטים הקדמיים והאחוריים של הגוף. במקרה זה, לדקור BL60 ו-BL64."""
169,Bl65,SHU GU - שוּ גוּ,Restraining Bone - עצם מאופקת,"Shu - לקשור, לרסן. Gu - עצם. בעבר, מפרק הבוהן החמישית כונה ""שו גו"", מכיוון שכל עצמות כף הרגל נפגשות כאן.",נקודת דיקור BL65 ממוקמת ישירות פרוקסימלית למפרק הבוהן החמישית.,"בצד הצידי של כף הרגל, בשקע פרוקסימלי ונחות לראש עצם המסרק החמישית, במקום בו גוון העור משנה צבע.",ניצב 0.3-0.5 צון.,"שוּ - נקודת נחל.
נקודת עץ, נקודת צאצא (Child point).","1. מנקה חסימות מהמרידיאן.
2. מטהרת חום על ידי פיזור נוזלים בכל הגוף.
3. עם BL60 לכאבי גב תחתון בתחושה של שבר.
4. נקודת גזע של עץ עם HT9.
Nei Ching
Ling Shu - 23: ""אחת מ-59 נקודות להורדת חום""
Ling Shu - 34: ""אם טיפול ב-BL11 וב-BL10 נכשל במקרים של חוסר איזון הגורם לבעיות בראש, יש לדקור את BL65 ו-BL66""",,
170,Bl66,ZU TONG GU - צוּ טוֹנג גוּ,Valley Passage - מעבר העמק,BL66 ממוקמת ליד קצה מרידיאן הכליה. לאחר שה-CHI עובר דרך BL67-KID1 הוא מגיע לעמק המבריק (KID2). BL66 ממוקמת בצד השני של העמק. זוהי נקודת האביב של מרידיאן שלפוחית השתן. נקודה זו מוּדְמָה למעבר דרך מנהרה המסייעת ל-CHI לזרום דרך נקודת הנחל ובסופו של דבר לנקודת He-sea.,"Zu - רגל, Tong - מעבר, להוביל, Gu - עמק","בצד הצידי של כף הרגל, בחריץ הדיסטלי והנחות לעצם הפלנגה המטטרסלית החמישית, היכן שצבע העור משתנה",ניקוב אנכי 0.2-0.3 צון,"נקודת אביב, נקודת מים, נקודת Horrary, נקודת מים של ה-Tai Yang עם SI2","מנקה חסימות מהמרידיאן, מחלישה רוח חמה בשלבים מוקדמים על ידי ויסות ה-Yin Wei Mai",אין מידע זמין,אין מידע זמין
171,Bl67,ZHI YIN - 志陰,Arrival of Yin - הגעת היין,"Zhi – להגיע
Yin – יין
BL67 היא הנקודה האחרונה על מרידיאן שלפוחית השתן (מרידיאן היאנג). מכאן זורם הצ'י למרידיאן הכליות","Zhi – להגיע
Yin – יין
BL67 היא הנקודה האחרונה על מרידיאן שלפוחית השתן (מרידיאן היאנג). מכאן זורם הצ'י למרידיאן הכליות","בצד הצידי של הבוהן החמישית, 1 פן פרוקסימלי וצידי לפינת הציפורן. בשקע שנוצר בסוליית כף הרגל כאשר היא בפלקסציה פלנטרית, שליש מהדרך מבסיס הבוהן השנייה לקצה העקב, בין עצמות המסרק השנייה והשלישית, פרוקסימלית לעצמות גלילי המסרק. בצד המדיאלי של כף הרגל, בחריץ קדמי ותחתון לבליטה של עצם הסירה, שם העור משתנה מאדום ללבן. בשקע באמצע הדרך בין קצה הקרסול המדיאלי לגבול האחורי של גיד אכילס 0.5 צון אחורי ותחתון ל-KID3 בין קצה גיד אכילס לעצם העקב 1 צון תחתון ל-KID3 בשקע הקל הקדמי והעליון להיבט המדיאלי של בליטת האכילס. בחריץ התחתון לקרסול המדיאלי, בין 2 הגידים, בדיוק 1 צון מתחת לקצה הקרסול 1. אדון של היין צ'יאאו מאי 2. בן זוג של ה-CV 3. מפזר יין בכל הגוף 4. מחזק את יין הלב ומרגיע את השן. 5. מעלה יין לגרון ולעיניים 6. מפזר נוזלים בכל הגוף 7. משמש עם KID27 להרגעת הלב מלחץ, לחץ כרוני 2 צון ישירות מעל KID3 על הגבול הקדמי של גיד האכילס 2 צון מעל KID3, 0.5 צון קדמי ל-KID7, אחורי לגבול המדיאלי של השוקה 5 צון מעל KID3, 1 צון אחורי לגבול המדיאלי של השוקה כשהברך כפופה, הנקודה ממוקמת בקצה קפל בית הברך בין הגידים החצי גידי והחצי קרומי 0.5 צון לרוחב CV2 בגבולות העליונים של עצם הסימפיזיס פוביס 0.5 צון לרוחב CV3 0..5 צון מ-CV4 צון לרוחב CV5 0..5 צון לרוחב CV7 צון לרוחב CV8 0.5 צון לרוחב CV10 0.5 צון לרוחב CV11 0.5 צון לרוחב CV12 0.5 צון לרוחב CV13 0.5 צון לרוחב CV14 2 צון לרוחב CV16 במרווח הבין-צלעי החמישי 2 צון לרוחב CV17 במרווח הבין-צלעי הרביעי 2 צון לרוחב CV18 במרווח הבין-צלעי השלישי 2 צון לרוחב CV19 במרווח הבין-צלעי השני 2 צון לרוחב CV20 במרווח הבין-צלעי הראשון 2 צון לרוחב CV21 בחריץ התחתון לעצם הבריח","ניצב ומעלה 0.1-0.2 צון, דיקור גורם לכאב מקומי לנקז כמה טיפות מים בניצב 0.5-1 צון בניצב, 0.5-1 צון, לכאבי גב חריפים להוציא 2 טיפות בניצב 0.5 צון בניצב 0.3-0.5 צון בניצב 0.3-0.5 צון בניצב 0.5-1 צון בניצב 0.5-1צון בניצב 0.5-1 צון בניצב 0.5-1 צון 0.5-1 צון בניצב 0.5-1 צון בניצב 0.5-1 צון בניצב 0.5-1צון בניצב 0.5-1 צון בניצב 1-1.5 צון בניצב 0.5-1 צון בניצב 0.5 - 1 צון בניצב 0.5 - 1 צון בניצב 0.5 - 1 צון בניצב 0.5 - 1 צון אלכסוני 0.5 - 0.8 צון 0..5 - 0.8 צון אלכסוני 0.5 - 0.8 צון 0.5 - 0.8 צון אלכסוני 0.5 - 0.8 צון אלכסוני 0.5 - 0.8 צון","ג'ינג - נקודת באר
נקודת מתכת, נקודת אם
נקודת יציאה של ה-BL TMM
מקבלת צ'י מהכליה
משפיעה על מרידיאן מפוצל של שלפוחית השתן
נקודת אנרגיה עמוקה של ה-BL (מתכת)
1. ג'ינג - נקודת באר
2. עץ - נקודת ילד
3. שולחת יין למעלה ויאנג למטה
4. נקודת יציאה של הכליות TMM
5. משפיעה על מרידיאן הכליות המפוצל
6. מקבלת צ'י משלפוחית השתן
7. חיזוק כללי של היין
1. יינג - נקודת מעיין
2. נקודת אש
3. מחזקת את יאנג הכליות
4. נקודת אש של השאו יין עם לב 8
5. נקודת גזע של אש עם ST41
1. שו - נקודת זרם
2. נקודת אדמה
3. מחזקת את יין הכליות ואת צ'י הכליות
4. נקודת יואן שולחת ענף לשלפוחית השתן - 58
5. מאזנת בין הצד השמאלי והימני של הגוף
1. נקודת לאו שולחת ענף ל-BL64
2. מזינה את הגוף עם יין צ'י כאשר הכליות נמצאות בעודף מחסימות פנימיות
1. שי - נקודת בקע, מווסתת צ'י ודם במרידיאן
2. שולטת על ה-KID TMM
3. מחזקת את כוח הרצון
4. מרכזת את הכוח האנרגטי של הכליה
5. משמשת להתגברות על עצבנות ופחד
6. הצ'י שלה דומה לנקודת יואן אך היא יותר יאנג ויש לה השפעה חזקה יותר
על המרידיאן
1. ג'ינג - נקודת נהר
2. מתכת, נקודת אם
3. נקודת רפלקס
4. מחזקת את יין ויאנג הכליות
5. מרכזת את צ'י הכליות
6. עוזרת לזרימת צ'י במרידיאן
7. מחזקת את כוח הרצון
8. נקודת אנרגיה עמוקה של הכליות (מתכת)
1. על ה-YIN QIAO MAI
2. מחזקת את KID יאנג
1. נקודת יציאה של יין וויי מאי
2. מחזקת את יין הכליות
3. תומכת ביואן צ'י
4. תומכת בלב דרך היין וויי מאי
5. משפיעה על יצירת דם
6. משפיעה על יצירת צ'י כליות","מקדם זרימת דם
מטהרת את העיניים מרוח
נקודת לאו המחברת את הצ'ונג לאדמה
מטפלת בחום ובחום שקרי על ידי יין וזרימת היין
מרגיעה את הנפש על ידי הגברת היין והורדת היאנג והחום
מטהרת את המוח ומחייה לאחר אובדן הכרה על ידי העברת תמציות יין לכל הפתחים החושיים
מורידה אש מהראש, מטפלת ביתר לחץ דם
מטפלת בכאבי ראש של הקודקוד
מטפלת בספזם בילדים מהתקפת רוח
מטפלת ביובש בגרון ובלשון
לקושי במתן שתן
מחיאה את המטופל
מחזקת את הרצון ואת הכוח לפעול
ניי צ'ינג
סו וון-41 - ""לכאבי גב עם תחושה של חום פנימי וקושי בהזעה דיקור KID1 ו-KID4"".
סו וון-60 - ""כאשר המטופל מותקף על ידי פתוגן חם ותסמינים חלופיים של קור וחום נוכחים (רעד) (חום) דיקור KID1 ו-BL53"".
ניי צ'ינג-20 - ""כאשר צ'י רע תוקף את הכליות והמטופל סובל מכאבי גב, בטן נפוחה, כאבים ליד הכליות, קושי במתן צואה, כאבים בכתפיים ובחזה וסחרחורת דיקור KID1 ו-BL60""
ניי צ'ינג-33 - ""אם למטופל יש כאבים בטבור ובאזור וחום כתוצאה מתקיפה של פתוגן חם דיקור CV23, SP9, KID2
ניי צ'ינג-3 - ""בהתקפה של חום רע, אם הבטן נוקשה מדם שנקרש והכליות סובלות מכאבים רציניים והעמוד השדרה מרגיש לא במקום, המטופל לא יכול לאכול או לשתות, דיקור KID1 והוצאת דם, ואז להוציא דם מהנימים שנקרשו"".
1. בפיזור מנקה חום ומצמרר את הדם
2. מפוזר לכאבי ראש מחום עודף
3. מטפלת בבעיות וגינליות הנגרמות מקור, כלומר מחזורים לא סדירים, הפרשות וגינליות לבנות,
אי פוריות.
4. מטפלת באי פוריות גברית, כלומר ספירת זרע נמוכה, תנועתיות נמוכה, אימפוטנציה
ניי צ'ינג
סו וון 60 - ""שייכים לקבוצת הנקודות המטפלות בבעיות ברכיים הנקודות הללו הן: BL66, HT8, KID2 ו-SI2"".
ניי צ'ינג 4 - ""כאשר צ'י הכליות מופרע, המטופל ירגיש כאבים בלב המקרינים לגב ולעתים קרובות יחווה ספזם (כאב שמרגיש כמו סכין בגב), הוא לא יוכל לעמוד ישר. דיקור BL64 ו-BL60. אם המטופל לא החלים לאחר הסרת המחטים, דיקור KID2 ו-KID3"".
1. מווסתת את הרחם
2. משפיעה על המוח, משנה נקודת מבט
3. מחזקת ברכיים וגב תחתון
4. מקררת במצב של חום שקרי
5. מטפלת בתחושה של מים שהצטברו מתחת לסטרנום
ניי צ'ינג
סו וון 61 - ""כאשר השאו יין מותקף ולמטופל יש כאבים ליד הכליות וכאבים בהיבט הפנימי של עמוד השדרה שמגיעים עד לצוואר, דיקור KID3 אבל לא לתת לו לדמם באביב. אם הוא מדמם המטופל יחלים זמנית ואז מצבו יחמיר"".
ניי צ'ינג 34 - ""לבעיות LU דיקור KID3 ו-LU10 בגלל הקשר האנרגטי שלהם"".
ניי צ'ינג 9 - ""הצ'י של KID3, היין והיאנג מקורם ב-KID3 שבו עוברת העורק הטיביאלי, כאשר מבצעים דיקור ב-KID3 יש לבדוק אם המחלה היא של עודף או חוסר. אם חסר והנקודה מפוזרת המחלה תחמיר. אם הדופק מלא ומהיר (סימן לעודף) אז לפזר את הנקודה. אם יש סימנים של ריקנות וחוסר, לחזק את הנקודה"".
סו וון 20 - ""נקודת האדמה של האזור התחתון לפי הדפקים של 9 היבשות""
1. מווסתת את כוח הרצון
2. מחזקת את הגב התחתון
3. מטפלת בפחד ועצבנות
4. עם BL64 היא מזינה את העור בנוזלים, טובה לפסוריאזיס
ניי צ'ינג
סו וון 36 - ""כאשר השאו יין מותקף על ידי רוח המטופל בדרך כלל יקיא, יסבול מחום גבוה, צמרמורות ורעידות. הוא ירצה לשכב בחושך. זו מחלה קשה לטיפול. דיקור הלאו של הכליה שהוא KID4""
Kid 5
SHUI GUAN
מעיין מים
泉
Shui  - מים
Guan - מעיין
KID5 היא נקודת ה-Xi - בקע במרידיאן הזה. הוא ממוקם בסדק שבו נאסף הצ'י/מים של הכליה.
1. מטפלת בדליפת שתן
2. טובה לבעיות כליות הנובעות מחסימות במרידיאן ה-KID
Kid 6
ZHAO HAI
ים זוהר
門
Zhao  - זוהר, בהיר
Hai  - ים, חלל עמוק
ממוקם ליד KID2 Ran Gu, נקודת האש של מרידיאן הכליות. אור האש משתקף במים
הצ'י של הכליות רחב ועמוק כמו הים. יש לו את הכוח והיכולת להאיר אור בכל הגוף בדומה לשמש על כדור הארץ
1. מרגיעה את השן
2. מרטיבה גרון ויובש עיניים
3. מצננת דם ומורידה חום
4. טובה להרגעת יאנג שעולה או תקוע בפלג הגוף העליון
מטפלת בבעיות שינה
שימושית בטיפול בגיל המעבר
ניי צ'ינג
לינג שו 23.6 - ""לעיניים ורודות בוערות שבהן הצבע מתחיל בפינה הפנימית של העין יש להשתמש ב-KID6 (יין צ'יאאו מאי)"".
Kid 7
FU LIU
זרם חוזר
海
Fu - לחזור, להתחיל מחדש
Liu - להחליק, לזרום, לצוף
מ-KID6, הצ'י זורם אל ה-Yin Qiao Mai. זרימת הצ'י במרידיאן מתחדשת ב-KID7. כאן הזרימה שהופנתה ב-KID6 מתחילה מחדש מכאן (KID7) זרימת הצ'י מעלה לאורך הרגל
1. מגרשת חום לח, מנקה בצקת
2. מטפלת בבעיות גב תחתון
3. משפיעה על חיבור העץ המים מבלי להחליש מים או לחזק עץ
4. מטפלת בבצקת בכף הרגל
5. מטפלת בגרד באיברי המין, גרד ג'וק
6. משמשת עם HT6 להזעות לילה הנובעות מ-Yin Xu
7. משמשת עם CO4 לשליטה על הפתחים התחתונים ולחיזוק המתכת של KID ו-BL,
משמשת לטיפול בדליפת שתן.
ניי צ'ינג
סו וון 62 - ""יש לטפל בכוח רצון לקוי ב-KID7"".
סו וון 41 - ""כאשר כאב גב תחתון פנימי מקרין כלפי מעלה מהירך דיקור KID7 פעמיים"".
סו וון 41 - ""כאשר יש כאבים באזור המותניים מלווים בכאבים בחזה, עייפות ועייפות הנובעים ממאמץ בעיניים ובמקרים חמורים גב כפוף וחוסר גמישות של הלשון הגורמים לחוסר יכולת דיבור"".
1. מווסתת את צ'י ודם ברחם
2. מווסתת את המחזור החודשי ודיכאון לפני הווסת
3. מטפלת בכאבי גב תחתון המחוברים ליין צ'יאאו מאי המקרינים לחזה ולגב
ניי צ'ינג
סו וון ""כאשר היין צ'יאאו מותקף, למטופל יהיו כאבי גב תחתון המקרינים לגב ולחזה במקרים קטלניים תחושה של שבר בעמוד השדרה תהיה נוכחת יחד עם לשון נוקשה, חוסר יכולת דיבור ובעיות ראייה. דיקור KID8 ו-KID2"".
Kid 9
ZHU BIN
בית הארחה
賓
Zhu - להקים, לבנות בית
Bin- לקבל אורחים
ב-KID9 מרידיאן ה-KID מארח את ה-YIN WEI MAI. נאמר שהוא בונה בית לאורח שלו כאן.
מרגיעה דפקים יין תילתן
שימושית בטיפול בבעיות מיניות ובבעיות בפלג הגוף התחתון בגברים
מטפלת בבעיות במתן שתן
מטפלת בהפרשות וגינליות
Kid 11
HENG GU
עצם אופקית
骨
Heng - שם עתיק לעצם החיק שם חיבה לכיוון מזרח - מערב
Gu - עצם
Heng Gu הוא השם הסיני העתיק לעצם החיק, נקודה זו ממוקמת ישירות מעל. Heng מתייחס לכיוונים מזרח-מערב המייצגים את יסודות העץ והאדמה. חיבור העץ אדמה שוכב אופקית לחיבור אש מים, קשור לצ'ונג, שאחראי על צ'י לפני ואחרי הלידה
1. מטפלת בבעיות ווסת
מחזקת את זרימת צ'י היאנג ברחם
Kid 13
QI XUE
פתח הצ'י
穴
QI - אנרגיה
XUE - פתח, נקודה, התחלה
מפגש הצ'י החיוני. ממוקם קרוב למקום שבו הכליה מקבלת צ'י (אחת מפונקציות הכליות)
1. מנקה חסימות מהמרידיאן
2. מחזקת את זרימת הצ'י, הדם, היאנג והג'ינג ברחם
Kid 14
SI MAN
מלאות מרובעת
滿
SI - 4, קבוצת הכוכבים הרביעית ""XI XING"" ב-28 מערכות
MAN - מלא, תבואה מלאה השם של השלב הסולארי השמיני
לפי לוח השנה הסיני Xiao Man הוא השלב הסולארי השמיני שמתרחש בין ה-21 במאי - ה-4 ביוני. בתקופה זו 4 (Si) כוכבים שולטים בשמים. Si Man הוא אזכור לתקופה זו של השנה שבה האדמה פורייה. הוא ממוקם ליד דאן טיאן שבו הצ'י שופע ועוצמתי
1. פותחת את מעברי הדם והצ'י ללב ומזינה את החזה
מאזנת את 3 המחממים
Kid 16
HUANG SHU
הובלת הסרעפת
俞
Huang - קרום שומני מתחת לסרעפת
Shu - אסוציאציה (Shu של בטן)
מרידיאן הכליות עובר מעל הבטן. הוא זורם דרך אזור ה-Huang מתחת לסרעפת. הדמות הואנג מתייחסת לאזור שמתחת ללב. כל הנקודות עם השם הואנג קשורות לכליה או לשלפוחית השתן.
נקודה זו פותחת את השער בין הפלג האמצעי, הממוקם בין הטבור לסרעפת לפלג העליון, הממוקם מעל הסרעפת
1. תומכת בלב
2. משפיעה על המעיים
3. מאזנת את כל 3 המחממים, מטפלת בחולשת KID, LIV, Ht ו-LU + SP CHI XU
4. מטפלת בעצירות כרונית עם תנועת מעיים יבשה וקשה
5. משפיעה על משולש האדמה - מתכת - מים, מאזנת אש ומים
Kid 17
SHANG QU
סוחר מנגינות
曲
Qu - כבוי, עמוק, כפוף
SHANG - התו החמישי בסולם המוזיקלי הסיני הוא קשור ליסוד המתכת.
ישירות על גבי KID17 יש פנייה/כיפוף במעי הגס.
1. מקדמת עיכול
2. מנקה קיפאון מזון
Kid 21
YOU MEN
שער מבודד
門
You - עמוק ושקט, נסתר
Men - שער
אזכור לכך שנקודה זו היא הנקודה הראשונה בזרימת הצ'ונג מאי לפני התפשטות על החזה.
החלל התחתון של הקיבה נקרא יון מן זה מתורגם לעתים כפילורוס
1. שולחת יין לרגליים
2. פותחת את המעבר בין התריסריון למעי הגס
3. דיקור בצד ימין משפיע על השסתום הפילורי
1. מזרמת את הדם בלב
1. מחזקת את השן מטפלת בבלבול נפשי
2. שימושית לטיפול בדיכאון חמור עם מחשבות אובדניות
מרגיעה אסטמה ומגרשת ליחה
מרגיעה צ'י מורד ושיעול כרוני
מטפלת בכאבי חזה וראש מלחץ נפשי
מטפלת בכאבי קדם וסת
מטפלת בנפיחות בבטן
Xin Bao
Xin Bao
קרום הלב
包
איזון: פנימי - חיצוני, איזון בין רוח - גוף - נפש .
השגריר והשליח של שמחה והנאה
שלב 5 יסודות: אש
ענף ארצי: Xu 戌
טריגרם: Dui 兌
Dui היא אגם, שמח. Dui היא אמצע הסתיו שעושה דברים שמחים
חלוקה שש: JUE YIN / עץ
אקלים: חום / רוח
אנרגיה עמוקה: אדמה
כיוון: דרום
שעון סיני: 19:00-21:00
חיה: כלב","שן כליה 腎 חוקר משפיע במדינה קסומה - להתקדם ולהביט לאחור הכליות אוגרות את הכוח והחיוניות ואחריות להתעוררותם, מיומנות ויכולת. נובעות מתוכן. הן עוזרות לזיכרון, לכוח רצון ולתיאום תנועות שלב 5 יסודות: מים גזע שמימי: גווי 癸 ענף ארצי: יו 酉 טריגרם: קון - פסיבי ומקבל. זוהי האדמה שמזינה את ריבוי הדברים חלוקה שש: שאו יין / אש אקלים: קור אנרגיה עמוקה: מתכת כיוון: מרכז, כיוון טריגרם - צפון שעון סיני: 17:00-19:00 חיה: תרנגול Kid 1 YONG QUAN מעיין נובע 泉 Yong - פורצת החוצה, בועה מהמעמקים Quan - מזרקה, תחילת הזרימה KID1 ממוקמת בחלק ""האדמה"" של כף הרגל מנקודת מבט קוסמולוגית סינית. מנקודה זו מים זורמים כלפי מעלה כמו מעיין. הנקודה הראשונה במרידיאן הכליות היא מעיין מבעבע לכל הגוף. בגלל מיקומה, זוהי הנקודה עם הקשר החזק ביותר לאדמה, שבה הגוף מושך/יונק יין Kid 2 RAN GU עמק בוער 谷 Ran - אש, בוערת, עולה בלהבות Gu - עמק, עצם נקודת האש של מרידיאן הכליות, הממוקמת בעמק (שקע) בהיבט המדיאלי של כף הרגל Kid 3 TAI XI נחל גדול 溪 Tai - גדול, חזק, עליון Xi - נחל הרים, עמק KID3 נמצא בשקע המדומה לעמק שאוסף מים מההרים. מכאן המים ממשיכים לזרום עד שנוצר נהר שבסופו של דבר זורם לים. הכליות הן הבסיס של 12 המרידיאנים. כנקודת יואן של הכליות, זוהי נקודה חשובה מאוד המספקת לכל הגוף צ'י חיוני Kid 4 DA ZONG מעיין מים 大鐘 Da - גדול Zong - לאחד, להחזיק נוזלים, פעמון KID אוגר את התמציות. השותף שלה BL מחזיק את הנוזלים עד שהם מגורשים מהגוף. KID4 היא נקודת הלאו של KID. Kid 8 JIAO XIN אמונת תקשורת 交信 Jiao - חיבור Xia - אמונה מ-KID8 המרידיאן זורם אל SP6 (מפגש 3 מרידיאני יין ברגל) שבו הוא נפגש עם ה-SP וה-LIV. XIN, אמונה היא האיכות הקשורה ל-5 הכוחות המחוברים ל-SP. איכות זו מיוצגת בעוצמה ב-SP6 שבו מרידיאן ה-KID נפגש עם צ'י אדמה Kid 22 BU LANG טיילת הליכה 步廊 Bu- הליכה, צעד, מדידה Lang - מסדרון צעדיו של ג'נטלמן אזכור לכך שהמרידיאנים ""עולים"" במרווחים הבין צלעיים של החזה. כאילו המרידיאן הולך דרך העיר האסורה של הארמון המלכותי (מרווח בין צלעות החזה) לעבר הקיסר (HT) Kid 23 SHEN FENG חותם רוח 神封 Shen - שן Feng - מוגן, אטום/חתום ממוקם ליד הלב, שבו שוכן השן. Feng הוא אזכור לכלוב הצלעות המגן על הלב ועל השן בו Kid 24 LING XU שטח קבורה של רוח 靈墟 Ling - רוח, ההיבט יין של שן Xu - שטח קבורה עתיק, מקדש (עם איכויות יין נסתרות ומסתוריות) אזכור למקום שבו השן נמצא, נקודה זו קרובה ללב. ממוקם ליד הלב, אזור זה חייב להיות ריק כדי לקבל את השפעת האנרגיות השמימיות. Kid 25 SHEN CANG מקלט רוח 神藏 Cang - בית, מדף Shen - שן Kid 26 YU ZHONG מרכז חלק 彧中 Zhong - מרכז Yu - חלק ממוקם ליד מרכז החזה נקודה זו משפיעה על הזרימה החלקה של צ'י Kid 27 SHU FU שו של הארמון 俞府 Shu - נקודות דיקור, נקודות מעבר Fu - ארמון, להתכנס, בניין ממשלתי חשוב בדומה לבניינים הממלאים תפקידים ממשלתיים חשובים ולעתים קרובות גבוהים למדי, נקודה זו היא הגבוהה ביותר במרידיאן הכליות",
111,Bl7,TONG TIAN - טוֹנְג טְיֵאן,Celestial Connection - קשר שמימי / חיבור שמימי,"Tong - לחבר, לשחרר. Tian - שמימי, גן עדן. ""Tian"" מתייחס לקודקוד הראש. BL7 שולח עורק המתחבר ל-GV20 ומכאן השם חיבור שמימי.","טוֹנְג - לחבר, לשחרר. טְיֵאן - שמימי, גן עדן. ""טְיֵאן"" הוא התייחסות לקודקוד הראש. נקודה Bl7 שולחת עורק המתחבר לנקודה GV20, ומכאן השם חיבור שמימי.","7 צוּן מעל הגלבלה (Glabella), 1.5 צוּן מהקו האמצעי.",החדרה אלכסונית של 0.5 צוּן בכיוון המרידיאן.,"1. מנקה צִ'י וממריצה את זרימתו בכל הגוף.
2. מניעה צִ'י יאנג לכל הפתחים, במיוחד לעיניים, לאוזניים ולאף.
3. מטהרת רוח חמה או קרה שתוקפת את הפנים והראש.","1. מאירה את העיניים.
2. מטפלת באובדן חוש הריח.
3. מטפלת בכאבי ראש חזיתיים/אנכיים.
4. מטפלת באף יבש ובדימום מהאף.
5. פותחת את הסינוסים.",,
112,Bl8,LUO QUE - 落卻 (תעתיק פין-יין),Vessel Ending - קצה כלי הדם (תרגום מילולי),"Lou - לחבר, כלי קליטה; Que - לדחות, לסגת. לאחר חציית הקודקוד, מרידיאן שלפוחית השתן זורם לאזור BL8. ""לו"" הוא התייחסות לענפים המחברים הקטנים הממוקמים ליד נקודה זו (עורק אחד מתחבר למוח).","לו – לחבר, כלי קליטה; קוּאֶה – לדחות, לסגת. לאחר מעבר דרך קודקוד הראש, מרידיאן שלפוחית השתן זורם לאזור של BL8. ""לואו"" הוא התייחסות לענפי החיבור הקטנים הממוקמים ליד נקודה זו (עורק אחד מתחבר למוח).","8.5 צון מעל הגלבלה (Glabella), 1.5 צון מקו האמצע.",הדיקור הוא התווית נגד.,"1. מפיג צ'י יאנג בראש.
2. מנקה חסימות של צ'י ודם בפנים ובראש.
3. מניע את זרימת שלפוחית השתן לכיוון GV ונקודות ה-Shu.","1. מטפל בכאבי ראש.
2. מטפל בכאבי צוואר ליד BL15, GV16.",ללא מידע,ללא מידע
113,Bl9,יוּ זֶ'ן,כרית הירקן,"""זֶ'ן גוּ"" הוא כינוי לעצם העורפית. שם זה ניתן ל-BL9 בסוּ וֶן. שם נוסף בשימוש הוא יוּ זֶ'ן גוּ, שמשמעותו ""עצם כרית עייפה""","יוּ – ירקן, זֶ'ן – כרית, עייף","1.5 צוּן מעל GV16, 1.3 צוּן לטרלית ל-GV17",אלכסונית 0.3-0.5 צוּן,"1. מקדם זרימה מקומית של צִ'י
2. מרגיע מתח מקומי",,,
262,CV1,חְוֵי יִין (Huì Yīn),מפגש היין (Mifgash HaYin),"חְוֵי (Huì) – מפגש, מלכודת. יִין (Yīn) – יין. ממוקם בין היין הקדמי והאחורי (איברי הרבייה והאנוס).","חְוֵי – מפגש, מלכודת. יִין – יין. ממוקם בין היין הקדמי והאחורי (איברי הרבייה והאנוס).","במרכז הפרינאום, בין פי הטבעת לעצם העצה בגברים. בין פי הטבעת לנרתיק בנשים.",ניצב 0.5-1 צון.,"1. נקודת מפגש של ה-CV, GV וה-Chong.
2. מזין ובונה צ'י יין.
3. ממריץ את זרימת תמציות היין וה-Ching.","1. נקודת החייאה לאחר טביעה, דום נשימה.
2. מטפל בבעיות כלליות באזור הפרינאום.
3. מטפל בבעיות גינקולוגיות.
4. לדימום ווסתי דליל או אמנוריאה בנשים ונערות צעירות.
5. להזעות לילה מחוסר יין (Yin Xu).",,
271,CV10,XIA WAN - שִׂיָה וואָן,Lower Stomach - קיבה תחתונה,"Xia – נמוך Wan – בטן. הקיבה מחולקת לשלושה חלקים: עליון, אמצעי ותחתון. נקודה זו ממוקמת בגבול התחתון של הקיבה.","שִׂיָה - נמוך, וואָן - בטן. הקיבה מחולקת לשלושה חלקים: עליון, אמצעי ותחתון. נקודה זו ממוקמת בגבול התחתון של הקיבה.","על קו האמצע של הבטן, 2 צון מעל CV8.",ניצב 0.8-1.2 צון.,"מפגש עם הטחול (SP15)
משפיע על הכליות (KID)
משפיע על צינור ה-TH הפנימי
מניע את ירידת צ'י הקיבה (ST)
צ'י המחמם התחתון עולה לפני השטח בנקודה זו.","1. מקל על סטגנציה של מזון.
2. מחזק את הטחול (SP).
3. שייך לקבוצת נקודות עם: CV4, 10, 22, GV9).
4. מטפל בבעיות קיבה.
5. משפיע על הצ'י מעל ומתחת לטבור.
6. מטפל באובדן זיכרון.
7. מטפל בעיכול חלש וירידה במשקל.",,
272,CV11,JIAN LI - ג'יאן לי,Established Li - לי מבוסס,"Jian – חזק ובריא, Li – פנים, מקום. ממוקם בין החלק האמצעי של הקיבה/CV12 ו-CV10.","Jian – חזק ובריא, Li – פנים, מקום. ממוקם בין החלק האמצעי של הקיבה/CV12 ו-CV10.","על קו האמצע הבטני, 3 צון מעל CV8.",ניצב 0.5 – 1 צון.,מקדם את תפקוד הקיבה בבישול מזון. מקדם את הזרימה כלפי מטה של צ'י הקיבה.,1. מחזק נקודות סמוכות.,,
273,CV12,ג'ונג וואן (ZHONG WAN),קיבה אמצעית (Middle Stomach),"ג'ונג (Zhong) – אמצע, וואן (Wan) – קיבה",ג'ונג – אמצע וואן – קיבה,"על קו האמצע הבטני, 4 צון מעל CV8",ניקוב אנכי בעומק 0.8-1.5 צון,"מו (MU) של הקיבה והמחמם האמצעי (Middle Jiao)
ריכוז חזק של צ'י הטחול (SP CHI)
מו/הווי (Mu/Hui) של איברי הפו (Fu)
נקודת מפגש של המעי הדק (SI), המחמם המשולש (TH), הקיבה (ST), הריאות (LU), מעטפת הלב (PC)","1. מחזקת את הטחול ומסלקת לחות
2. מווסתת את צ'י הקיבה (ST CHI)
3. CV12, 13, 14, 15, 16 מרגיעות את השן (SHEN)","- באנשים רזים במיוחד
- לא לשימוש לבד במצבי מלאות בטנית, כמו נקודות אחרות על ה-CV או נקודות התומכות בצ'י האדמה (earth CHI)",
274,CV13,SHANG WAN - שָׁאנְג וָאן,Upper Stomach - קיבה עליונה,"Shang - עליון; Wan - בטן - שָׁאנְג – עליון, וָאן – בטן","שאנג – עליון, וואן – בטן","על קו האמצע הבטני, 5 צוּן מעל CV8 - על קו האמצע הבטני, 5 צוּן מעל CV8.",ניצב 0.3 – 0.8 צוּן - ניצב 0.3 – 0.8 צוּן.,מפגש של המעי הדק והקיבה; מקבל סעיף מהריאה; מרגיע צ'י מורד של הקיבה - מפגש של SI ו-ST; מקבל סעיף מ-LU; מרגיע צ'י מורד של ST.,"1. עם CV10 + CV12 לחיזוק יאנג; 2. מטפל בכאבי לב; 3. מטפל בעיכול חלש, בחילות והקאות; 4. השפעה חזקה על עיכול חלש המלווה בכאבי לב - 1. עם CV10 + CV12 לטוניפיקציה של יאנג; 2. מטפל בכאבי לב; 3. מטפל בעיכול חלש, בחילות והקאות; 4. השפעה חזקה על עיכול חלש המלווה בכאבי לב.",,
275,CV14,ג'ו צ'וּ'ה (Jū Quē),שער גדול (Sha'ar Gadol),"ג'וּ (Jū) - גדול, רחב; צ'וּ'ה (Quē) - ארמון, שער. השקע מתחת לעצם החזה הוא ארמון, בעוד שהצלעות משמשות כמגדלי שמירה משני הצדדים. כשנקודת המוּ של הלב (HT), השם מצביע על החשיבות של הגנה על הקיסר.",ג'ו צ'וּ'ה היא נקודת מוּ של הלב. שמה מעיד על חשיבותה בהגנה על הלב והרגעת הנפש (SHEN).,"על קו האמצע הבטני, 6 צוּן מעל CV8. בניצב 0.3 – 0.8 צוּן (לא בזווית כלפי מעלה). מוקסה: מקסימום 3 קונוסים כדי למנוע נזק ליִין.",דיקור אנכי בעומק 0.3-0.8 צוּן. יש להיזהר לא לחדור עמוק מדי.,"נקודת מוּ של הלב, מקבלת ענף ישירות מהלב.
מרגיעה את ה-SHEN.
מרגיעה צ'י מורד של הקיבה (ST).
מטהרת את הלב.","1. מטפלת בקיבה נוקשה.
2. מטפלת בכאבי בטן והקאות המשמשת כאשר המטופל מקיא את כל מה שאכל/ה.
3. מטפלת בכאבי לב עם צ'י עולה.
4. מטפלת בבעיות זיכרון וחוסר שקט פנימי.
5. מטפלת בעילפון או אובדן פתאומי של אנרגיה במהלך ההריון, כאשר העובר גדל והצ'י תוקף את הלב.","יש להיזהר מחדירה עמוקה מדי.
היזהר במיוחד בהריון.",חשובה להרגעה נפשית ולטיפול בבעיות לב.
276,CV15,JIU WEI - ג'יו וֵיי,Dove’s Tail - זנב היונה,"Jiu – יונה, Wei – זנב","ג'יו – יונה, וֵיי – זנב","על קו האמצע הבטני, 7 צוּן מעל CV8",ניקוב אנכי 0.3 – 0.5 צוּן,"מוּ של ה-PC (פריקרדיום)
לוֹאוּ של ה-CV (כלי ההתעברות), שולח רשת של מרידיאנים קטנים אל דפנות הבטן
נקודת יוּאַן של חמשת אברי ה-FU
מחזק את זרימת צ'י יוּאַן לכל האיברים
מרגיע את ה-SHEN (נפש)
מקדם את זרימת צ'י וֵיי ויִינג לשרירים ולעור","1. מרגיע צ'י עולה
2. מטפל בכאבי לב הנובעים מצ'י העולה לחזה (בחוזקה?)
3. מחזק יין, מטפל בצ'י עולה הגורם לכאבי ראש המקרינים לקַנְתוּס החיצוני של העין",,
277,CV16,ג'ונג טינג (Zhōng Tíng),חצר מרכזית,"ג'ונג – מרכז, טינג – חצר. ממוקם בארמון השמור על ידי הצלעות (ראה CV14). ""ג'ונג טינג"" הוא החצר המובילה ל""יו טאנג"" - מקדש הירקן. ""ג'ונג"" יכול להתייחס לקו האמצע.","ג'ונג – מרכז, טינג – חצר. ממוקם בארמון השמור על ידי הצלעות (ראה CV14). ""ג'ונג טינג"" הוא החצר המובילה ל""יו טאנג"" - מקדש הירקן. ""ג'ונג"" יכול להתייחס לקו האמצע.","על קו האמצע של הבטן, בבסיס עצם החזה (מפגש זיפיסתרנלי), בגובה המרווח הבין-צלעי החמישי.",אלכסונית 0.3 צון.,1. משפיעה על נקודות סמוכות.,,,
278,CV17,TAN ZHONG - טָאן ג'וֹנג,Chest Center - מֶרְכַּז הֶחָזֶה,"Tan - עָרוֹם, חָשׂוּף, Zhong - מֶרְכָּז. ה-Nei Ching מתייחס לאזור זה כ""ארמון שליט הלב"".","טָאן - עָרוֹם, חָשׂוּף, ג'וֹנג - מֶרְכָּז. ה-Nei Ching מתייחס לאזור זה כ""ארמון שליט הלב"".","במרכז עצם החזה, בגובה הרווח הבין-צלעי הרביעי, בדרך כלל ישנה שקעית קטנה ליד הנקודה.",בשימוש עם מוקסה בלבד.,"Mu של ים ה-CHI
נקודת מפגש Hui של CHI
נקודת Mu של ה-Jiao העליון ו-PC (נחשבת גם לנקודת Mu משנית של PC)
מפגש של SP, SI, TH, PC
מפגש של שלושת ה-Yin TMM של היד","1. מחזקת ומסדירה CHI
2. מנקה מלאות מהחזה
3. מטהרת LU
4. מפיגה ליחה
5. מקלה על הסרעפת והחזה
6. מסדירה CHI מורד
7. נקודת ריכוז של כל המרידיאנים המשניים
8. מטפלת ב-HT CHI Xu
9. מטפלת בקוצר נשימה, נשימה שטחית, תחושה של CHI העולה לקצה הגוף",,
279,CV18,יוּ טָאנְג,ארמון הירקן,"יוּ – ירקן, טָאנְג – ארמון. חלק מרצף הנקודות המרכיבות את הארמון המלכותי (העיר האסורה), הממוקם בין החצר המרכזית ג'ונְג טִינְג (CV17) לבין הארמון הסגול (CV19). ""יוּ טָאנְג"" היה שמו של ארמון משושלת האן.","יוּ – ירקן, טָאנְג – ארמון. חלק מרצף הנקודות המרכיבות את הארמון המלכותי (העיר האסורה), הממוקם בין החצר המרכזית ג'ונְג טִינְג (CV17) לבין הארמון הסגול (CV19). ""יוּ טָאנְג"" היה שמו של ארמון משושלת האן.","במרכז עצם החזה, בגובה המרווח הבין-צלעי השלישי (נמדד מעצם החזה).",דיקור אלכסוני כלפי מעלה 0.2-0.3 צון.,"מחזק את הכבד (LIV).
מסדיר צ'י עולה.
שוֹקָאנְטֶן של ג'וּאֶה יִין.","1. מטפל בכאבים בחזה ובלב המלווים בתחושה של צ'י העולה
לקצה הגוף.
נֵי גִ'ינְג.
נֵי גִ'ינְג – 69: ""מרידיאן הכליה עולה לשורש הלשון ומסתיים בלוע, לטיפול באפוניה יש לדקור CV18, 22, 23"".",,
280,CV19,ZĪ GŌNG - 茨宮 (תעתיק פונטי: דְזִי גוֹנְג),Purple Palace - ארמון הסגול,"Zi (茨) – סגול, Gong (宮) – ארמון. הסגול הוא צבע המזוהה עם מלכות. הלב, בהיותו הקיסר, נקרא גם Zi Gong. Zi Gong נתפס כשמיים. נאמר שטאי יי (האחדות העליונה) שוכן ב-Zi Gong. כפי שהשמיים שולטים בארץ, הלב שולט בגוף.","Zi (茨) – סגול, Gong (宮) – ארמון. הסגול הוא צבע המזוהה עם מלכות. הלב, בהיותו הקיסר, נקרא גם Zi Gong. Zi Gong נתפס כשמיים. נאמר שטאי יי (האחדות העליונה) שוכן ב-Zi Gong. כפי שהשמיים שולטים בארץ, הלב שולט בגוף.","על קו האמצע של עצם החזה, בגובה המרווח הבין-צלעי השני.","החדרה אלכסונית כלפי מטה, 0.3 צון.",1. מווסת צ'י,,,
263,CV2,QU GU - צ'וּ גוּ,Crooked Bone - עצם עקומה,שם סיני עתיק לעצם החיק (Pubis),שם סיני עתיק לעצם החיק (Pubis).,"על קו האמצע של הבטן, בגבול העליון של סימפיזיס הפוביס.",ניצב 0.3-1 צון.,"1. נקודת מפגש עם הכבד (LIV).
2. נקודת מפגש של ה-TMM של הכבד וכיס המרה (LIV ו-GB).
3. בונה יין ודם.
4. מפיצה יין בגוף, מרגיעה עודף יאנג.
5. שולטת על איכות היין הרכה של הכבד.","1. מטפלת בבעיות ווסת חריפות, מרככת שרירי בטן, מטפלת בנפיחות על ידי פינוי סטגנציה של צ'י ודם בבטן התחתונה.
2. משפיעה על פוריות גברית ונשית, מגדילה את ספירת הזרע, מקדמת זרימת צ'י/דם לרחם.
3. על פי חוק הניגודים – מרככת את שרירי הצוואר.",לא צוין,לא צוין
281,CV20,HUA GAI - חְוּאָה גַּאי,Magnificent Canopy - חופה מפוארת,"Hua – מפואר, Gai – חופה. טקסטים טאואיסטים/רפואיים מתייחסים לריאות כחופה מעוטרת. זה יכול להיות התייחסות למיקום הגבוה של הריאות ביחס לשאר האיברים. CV20 ממוקם על הגבול העליון של הריאות.","חְוּאָה – מפואר, גַּאי – חופה. נקודה זו נקראת כך מכיוון שהיא ממוקמת בחלק העליון של החזה, בדומה לחופה המגינה על האיברים הפנימיים.","על קו האמצע של עצם החזה, בגובה המרווח הבין-צלעי הראשון, היכן שהמניבריום פוגש את עצם החזה.",החדרה אלכסונית כלפי מטה 0.3 צון.,"מכילה כמות גדולה של צ'י של CV, מכאן צ'י עולה לכיוון הגרון והצוואר. מסדירה צ'י עולה.",,,
282,CV21,XUAM JI - שואן ג'י,Jade Pivot - ציר הירקן,Xuam - גלגל,Ji – מכשיר שמסתובב. ארבעת הכוכבים הראשונים של העגלה הגדולה יוצרים את החלק של המחבת המונח על הכיריים. שלושת הכוכבים האחרים יוצרים את הידית. הכוכבים השני והשלישי נקראים Xuam (ירקן) ו-JI (פנינה). השקע בקצה עצם החזה מזכיר את תחתית המחבת. CV21 ממוקמת ליד (אופקי) תחתית המחבת שנוצרה על ידי הכוכבים Xuam ו-Ji.,"על קו האמצע של עצם החזה, בגובה הצלע הראשונה, 0.5 צון נחות לחריץ הסופרה-סטרנלי.","באלכסון כלפי מטה, 0.3 צון.",1. מווסת צ'י עולה.,1. מכאן צ'י מתפזר לצוואר.,יש לנקוט משנה זהירות בחולים עם מחלות לב וכלי דם. יש להימנע מניקוב עמוק מדי.,נקודה זו משמשת לעיתים קרובות לטיפול בכאבים בחזה ובקוצר נשימה. חשוב לדייק במיקום הניקוד.
283,CV22,Tיאן טוּ,ארובה שמימית,"Tיאן - שמימי, טוּ - שמיים, אטמוספירה, גוף עליון. קנה הנשימה הוא הארובה של הג'יאו העליון, שהוא החלק השמימי של הגוף. CV22 ממוקם בתחתית הארובה.","Tיאן – שמימי, טוּ – שמיים, אטמוספירה, גוף עליון. קנה הנשימה הוא הארובה של הג'יאו העליון, שהוא החלק השמימי של הגוף. CV22 ממוקם בתחתית הארובה.","0.5 צון מעל החתך הסופרה-סטרנלי, במרכז הגומחה הסופרה-סטרנלית.","שטחי, החדרת מחט ניצבת ואז לחדור מאחורי עצם החזה עד 1 צון.","1. חלון השמיים.
2. נקודה על מרידיאן היין ווי מאי.
3. מחזקת טחול (SP).","1. מחזקת את הגב התחתון.
2. מקדמת הורדה של צ'י הריאות (LU).
3. מסלקת ליחה מהגרון ומהחזה.
4. מסלקת חום.
5. עוצרת שיעול, מזינה את הגרון, מטפלת באובדן קול (אפוניה).
6. מרגיעה אסתמה.
7. חלק מקבוצת הנקודות המטפלות במאבק בין יין ויאנג הבא לידי ביטוי בכאב המקרין ללב ולגב.
8. מוקסה כדי להאיץ את חילוף החומרים.

Nei Ching
Su Wen – 60: ""המרידיאן המשני של CV זורם בדרך אחרת. הוא נובע מהטבור ועולה לכיוון הלב, חוצה אותו ועולה לגרון, משם לסנטר, עוטף את השפתיים, לעיניים ונכנס ל BL1. אם תוקפים את המרידיאן המשני, המטופל ירגיש כאב בבטן התחתונה המקרין ללב. אצל נשים תהיה אי פוריות ויסבלו מקושי במתן שתן, טחורים ויובש בגרון. במצב זה יש לדקור את נקודות ה DO MO על הגב. במקרים חמורים השתמשו בנקודות CV מתחת לטבור. אם יש קושי בנשימה, דקרו את CV22. אם למטופל יש ""רוע"" בגרון, דקרו נקודות על הפנים והסנטר"".
Nei Ching – 59: ""צ'י פו התבונן בבעיות של וויי צ'י וכתב: אם הוויי צ'י לא זורם ועומד, המטופל ירגיש נפיחות בבטן וקושי בשאיפה. אם הוויי צ'י מאוחסן בחזה, דקרו CV22 ו-ST9. כאשר הוויי צ'י נמצא בבטן, דקרו ST36 ו-ST30. כאשר הוא נמצא בחזה ובבטן בו זמנית, דקרו LIV13"".",,
284,CV23,ליאן צ'ואן (Lián Quán),אזור המעיין (Spring Region),"ליאן - צד, צ'ואן - מעיין, מזרקה. ממוקם על גבי בליטת הגרון (תפוח אדם), ישירות מתחת ללשון, האזור בו מתחילה תנועתם של רוב נוזלי הגוף.","ליאן – צד קואן – מעיין, מזרקה ממוקם על גבי תפוח האדם, ישירות מתחת ללשון, האזור בו מתחילה תנועתם של רוב נוזלי הגוף.",בגומחה קלה באמצע הדרך בין הגבול התחתון של המנדיבולה ובליטת הלוע.,"באלכסון כלפי מעלה, 0.1 – 0.3 צון.","נקודה על ה- YinWei Mai.
מחזקת צ'י כליות (KID CHI).
מקבלת צ'י מה-Chong.
נקודת מפגש עם שאו יין.","1. מגרשת רוח פנימית.
2. מיטיבה עם הדיבור.
3. מגרשת אש.
4. מגרשת ליחה.
5. מרגיעה צ'י מורד.
6. מטפלת בכאב ונפיחות בשורש הלשון, קושי בהגיית מילים ואפוניה.
NEI Ching
Su Wen – 59: ""האנרגיה של KID ו-LIV נובעת משתי נקודות חשובות, CV23 ו-LIV1. אלו נקודות מפגש של יין ויאנג"".
Nei Ching – 35: ""ST16 ו-CV23 הן מעברים של נוזלים אורגניים, הן נקודות מיוחדות לטיפול בצמא"".
Nei Ching – 75: ""אם יאנג צ'י עולה לראש הגוף בגלים היוצרים לחץ בחזה וקושי בנשימה, לדקור SI17. אם הצ'י עולה בעוצמה רבה, מונע דיבור וגורם לכאבים בחזה, לדקור CV23 כדי לפזר צ'י זה במרידיאן הכליה""",,
285,CV24,GHENG JIANG - צֶ'נג גִ'יאַנג,Containing Fluids - מכיל נוזלים,"Cheng – לקבל Jiang – רוק כאשר מזון או נוזלים נפלט מהפה, חלק יטפטף מטה לנקודה זו","צֶ'נג - לקבל, גִ'יאַנג - רוק. כאשר מזון או נוזלים נפלט מהפה, חלק יטפטף מטה לנקודה זו.",במרכז החריץ המנטו-לביאלי (mento-labial notch).,דיקור אלכסוני כלפי מעלה 0.1 – 0.5 צון.,"1. נקודת מפגש עם Du Mai
2. נקודת מפגש עם Yang Ming","מאזן את היווצרות הרוק.
שולח שלוחות לשפתיים ולחניכיים, נפגש עם Du Mai ב-DU28,
נפגש עם Yang Ming ב-ST1.
אב היאנג.
DU
GV
בנייה והקמה של התנועה.
חתימה על מהות היאנג של כל הבריאה.
רבייה והריון.
מניע את היין.
שולט בתנועה של כל הדברים.
אנרגיה סולארית במיקרוקוסמוס.
מרכז ואחדות של הגוף.
מקורו בכליות וב-MING-MAN.",יש להיזהר בעת דיקור.,חשוב להשתמש בטכניקת דיקור נכונה.
264,CV3,ZHONG JI - ג'ונְג גִ'י,Center of 2 Poles - מרכז שני הקטבים,"ג'ונְג (ZHONG) - מרכז. גִ'י (JI) - תעלה, חריץ.  ממוקם במרכז הגוף, על הציר האנכי והאופקי. שמו נגזר מהשם הסיני לכוכב הצפון במרכז השמים.","ג'ונְג – מרכז, גִ'י – תעלה, חריץ. ממוקם במרכז הגוף, על הציר האנכי והאופקי. שמו נגזר מהשם הסיני לכוכב הצפון במרכז השמים.","על קו האמצע של הבטן, 1 צון מעל CV2.","ניקוב אנכי, 0.3-1 צון.","נקודת MU של שלפוחית השתן (BL).
מפגש של 3 מרידיאני יין של הרגל (He 3 Leg Yin TMM).
מפגש עם מרידיאן הקיבה (ST TMM).
שולטת על וֵיי צִ'י (WEI CHI) ומאזנת יין/יאנג של וֵיי צִ'י.
מפגש של 3 מרידיאני יין של הרגל.","1. מסלקת לחות חמה מקומית.
2. מסלקת ומקררת חום, מטפלת בצריבה, גרד ואי נוחות באזור הגניטלי.
3. מאזנת יין/יאנג, מטפלת בעייפות כללית.
4. 100 קונוסי מוקסה לשיפור איכות הזרע.
5. מטפלת בבקע של פי הטבעת.
ניקוב עם רֶן מוֹ (Ren Mo) לחיזוק הטאי יאנג.",,
265,CV4,גואן יואן,שער היוּאָן,"גואן - אחסון, שער; יואן - צ'י יואן. CV4 הוא המעבר של צ'י יואן. המפגש הקריטי של יאנג מקורי וין מקורי מתרחש כאן. זהו מקום האחסון של צ'י יואן.","גואן – אחסון, שער. יואן – צ'י יואן. CV4 הוא המעבר של צ'י יואן. המפגש הקריטי של יאנג מקורי וין מקורי מתרחש כאן. זהו מקום האחסון של צ'י יואן.","על קו האמצע של הבטן, 2 צון מעל CV2.","ניצב, 0.5-1.5 צון.","MU של המעי הדק (SI).
מחזק צ'י, יאנג ויואן של הכליות.
נקודת מפגש של שלושת מרידיאני היין של הרגל.
נקודת מפגש של שלושת TMM יין של הרגל.
נקודת מפגש עם ה-Bao Mai.
נקודת מפגש עם הטחול (SP) והקיבה (ST).
מניע יין ודם.
מנקה חסימות.","1. מחזק יאנג באופן כללי.
2. עם מוקסה, מחזק צ'י כללי.
3. מעלה צ'י מהג'יאו האמצעי לג'יאו העליון ולראש.
4. מסדיר את המחזור החודשי.
5. תומך בצ'י ובדם ברחם.
6. עם CV6, מחזק את הדפקים של הג'יאו העליון ופותח חסימות של דם, צ'י וין בג'יאו התחתון.
7. פותח חסימות של ה-Chong.
Nei Ching
Su Wen - 34: ""נקודת התפצלות של ה-Ren וה-Chong""
Nei Jing - 21: ""שייך לקבוצת הנקודות המכונות 4 נקודות האחדות של יין ויאנג שהן: CV12, CV22, CV4, GV9. נקודות אלו משמשות לטיפול בחסימות ב-Ren הגורמות לכאבי לב המקרינים לגב. כאבים אלו הם אינדיקציה לסכסוך בין יין ליאנג Ren ו-Du."".
Nei Ching: כאשר יש בעיות באנרגיה בתחתית הגוף, האנרגיות המזינות והמגנות תקועות ואנרגיית היין תוקפת את החלק העליון של הגוף. אנרגיית יין נלחמת עם אנרגיית היין וגורמת לנפיחות. אם אין תוצאות לאחר דיקור ST36 (שנדיר), יש לדקור את נקודות האנרגיה שנמצאות מתחת לטבור: CV4, 10, 12, 13 אם האנרגיה הועלתה בהצלחה, המטופל יבריא מיד.""",ללא מידע ספציפי.,ללא מידע ספציפי.
266,CV5,SHI MEN - שְׁה מֶן,stone gate - שַׁעַר הָאֶבֶן,"Shi - אֶבֶן חֲזָקָה שֶׁצֶמַח לֹא יָכוֹל לְהִתְגַּבֵּר עָלֶיהָ.
שֵׁם חִלּוּפִי: ""Ming Men"" - שַׁעַר הַחַיִּים, צִ'י חָשׁוּב מְרוּכָּז כָּאן.","Men - שַׁעַר. מָקוֹם שֶׁבּוֹ גִּדּוּלִים לֹא יְכוֹלִים לִצְמוֹחַ יָדוּעַ כְּשָׂדֶה שֶׁל אֶבֶן. אִשָּׁה שֶׁאֵינָהּ יְכוֹלָה לָלֶדֶת יְלָדִים יְדוּעָה כְּ""אִשָּׁה מֵאֶבֶן"". דִּקּוּר נְקֻדָּה זוֹ יָכוֹל לִמְנוֹעַ הֵרָיוֹן.","עַל הַקַּו הָאֶמְצָעִי שֶׁל הַבֶּטֶן, 3 צוּן מֵעַל CV3.",נְאֻךְ מְאֻנָּךְ 0.5-0.8 צוּן.,"1. Mu שֶׁל ה-TH בִּמְיֻחָד הַגִּ'יָאו הַתַּחְתּוֹן.
2. מוֹסֵת אֶת זְרִימַת ה-Yuan CHI.","1. רִכּוּז חָזָק שֶׁל צִ'י בִּנְקֻדָּה זוֹ, לְפִי מְקוֹרוֹת מְסֻיָּמִים דִּקּוּר יְקַצֵּר אֶת חַיֵּי הַמְּטֻפָּל.",,
267,CV6,צ'י האי (CHI HAI),ים הצ'י (Sea of Chi),"צ'י - צ'י האי - ים. אזור זה הוא מקום אחסון לצ'י, המזין את כל הגוף. צ'י נובע וחוזר למקום. אזור חשוב בטכניקות מדיטציה טאואיסטיות.","צ'י – צ'י האי – ים. אזור זה הוא מקום אחסון לצ'י, המזין את כל הגוף. צ'י נובע וחוזר למקום. אזור חשוב בטכניקות מדיטציה טאואיסטיות.","על קו האמצע של הבטן, 3.5 צון מעל CV2.",ניקוב אנכי בעומק 0.8-1.2 צון.,"1. משפיע על הלב (HT) והמוח.
2. מחזק את צ'י ג'ן (Zhen CHI) ויאנג הכליות (KID Yang).
3. מחזק את הצ'י המקורי.
4. ריכוז חזק של צ'י יין.
5. מחזק צ'י ויאנג.","1. מסדיר צ'י.
2. מסלק לחות.
3. עם CV4 לחיזוק הדפקים של המחמם העליון (upper jiao).
4. משחרר קיפאון של צ'י במחמם התחתון (lower jiao).
5. מוקסה עם CV8 ו-CV4 כעזרה ראשונה לשבץ פתוח.
6. לחולשה כללית, עייפות, עצירות וירידה במשקל.
7. מטפל במחלות יין שבהן המטופל ויתר ורוצה למות.",,
268,CV7,YIN JIAO - יִין גְ'יָאו,Yin Crossing - צְלִיבַת היין,"יִין - יִין, גְ'יָאו - מפגש, הצטלבות. CV7 הוא צומת יין. כאן נפגשים KID, CV ו-Chong. הוא ממוקם על ההיבט היין של הגוף.","יִין גְ'יָאו (Yin Jiao) הוא נקודת מפגש של אנרגיית היין, הממוקמת על פני השטח היין של הגוף.","על קו האמצע הבטני, 4 צון מעל CV2.",ניקוב אנכי בעומק 0.8-1.2 צון.,"MU של המחמם התחתון. נקודת מפגש עם הצ'ונג מאי. נקודה על הצ'ונג מאי. שולטת בבאו מאי. שולטת בדם. מזינה יין, ריכוז חזק של יין.","1. מקבלת צ'י מה-PC ומהמחמם האמצעי. 2. מווסתת את הרחם. 3. מנקה חסימות מהצ'ונג וה-CV. 4. מטפלת בכאבי לב עם קונפליקט בין יין/יאנג.

Nei Ching:
נקודת ריכוז של המרידיאנים המשניים, מקבלת ענף ישירות מ-KID, PC, SI ו-TH, ולכן היא ""נקודת בקרת אנרגיה"".

Nei Ching – 16:
""דרך CV17 צ'י יאנג חוזר לגוף הפנימי דרך ערוץ ה-TH לאחר שזרם חיצונית דרך ערוץ ה-PC"".

Nei Ching – 18:
""CHI PO אמר שאחרי שמגלים מורסות בחלקים שונים של הגוף, המורסה על החזה ליד CV17 מסוכנת מאוד מכיוון שה-ST פתוח לדרך ערוץ ה-TH. המטופל ימות תוך 8 ימים"".",לא צוין,לא צוין
269,CV8,QUE SHEN - צ'וּ שֵן,Palace of the CHI - ארמון הצ'י,Que - חלל ריק המשמש כשער. Shen - רוח.,צ'וּ – חלל ריק המשמש כשער; שֵן – רוח.,במרכז הטבור.,מוקסה בלבד על גבי מלח / שום / ג'ינג'ר.,"מחזק יין ותומך ביאנג.
מחזק צ'י מקורי.
מציל יאנג.
מחזק טחול.
משפיע על שֵן.","פותח את המרידיאנים ומחמם אותם.
מחזק יאנג טחול.
מעורר את הרוח במקרים של שבץ מוחי, תרדמת או התעלפות.
מוקסה עבור: כאבי בטן, דיזנטריה, שלשול מתמשך, שבץ מוחי, חוסר צ'י, גפיים קרות והתעלפות.",לא צוינו אזהרות.,לא צוינו הערות.
270,CV9,SHU FEN - שׁוּ פֶן,water divide - מחלק המים,"Shui – מים Fen – חלוקה. ממוקם ליד הפתח התחתון של המעי הדק המפריד את הנוזלים הטהורים מהטמאים ומפריד נוזלים ממזון, ושולח אותם לשלפוחית השתן (BL) ומעביר מוצקים למעי הגס (CO).","שוּ פֶן ממוקם ליד הפתח התחתון של המעי הדק המפריד את הנוזלים הטהורים מהטמאים ומפריד נוזלים ממזון, ושולח אותם לשלפוחית השתן (BL) ומעביר מוצקים למעי הגס (CO).","על קו האמצע הבטני, 1 צוּן מעל CV8.",ניקוב אנכי בעומק 0.5 – 1 צוּן.,משפיע על נוזלי הגוף והשינוי שלהם. שולט בדרכי המים. נקודת מפגש עם הריאות (LU).,"1. מטפל בבצקות, נפיחות בבטן ורעשי מעיים.",,
204,GB1,טונג דזה ליאו (Tōng Zǐ Liáo),פתח האישון (Petach Ha'Ishon),"טונג (Tong) - ילד/בתולה.
ליאו (Liao) - חור. לילד קטן עדיין יש את מהות השמיים המרוכזת בו. זה הופך אותו לתמים, טהור ונקי. הוא כמו מדיום בין הנראה לבלתי נראה. היכולת לראות היא במהותה, היכולת להפריד וההפרדה קשורה ל-CHI השמימי. זה רלוונטי בשל מיקומו של GB1 במגרעת הצידית לעין בגובה האישון.
דזה (Zǐ) - הענף השמימי הראשון. הוא קשור לשעות 11:00 - 13:00, הזמן שבו שלפוחית המרה (GB) פעילה ביותר.","טונג דזה ליאו (Tōng Zǐ Liáo) הוא נקודת דיקור הממוקמת באזור הפנים, בצידי העין. נקודה זו משמשת בטיפול בכאבי ראש, בעיות עיניים ומצבים אחרים המשפיעים על הפנים והראש.",צון (cun) אחד צידית לפינה החיצונית של העין.,דיקור שטחי של 0.5 צון (cun) בכיוון טאי יאנג (Tai Yang).,"1. נקודת מפגש של שלפוחית המרה (GB) עם המעי הדק (SI) והמחמם המשולש (TH).
2. נקודת מפגש של שאו יאנג (Shao Yang).
3. נקודת כניסה של צ'י (CHI).
4. נקודת מפגש עליונה של המרידיאנים המסתעפים של הכבד (LIV) ושלפוחית המרה (GB).
5. שולחת צ'י (CHI) כלפי מטה.","1. מטהרת רוח וחום מהפנים ומהעיניים.
2. מפזרת אש.
3. מטפלת בהפרעות מקומיות של העיניים.
4. מטפלת בכאבי ראש/מיגרנות טמפורליות הנובעות מעליית יאנג של הכבד (LIV) ושלפוחית המרה (GB).",יש להיזהר מדיקור עמוק מדי כדי להימנע מפגיעה בעין.,נקודה חשובה לטיפול בבעיות עיניים.
213,GB10,FU BAI - פו באי,Floating White - לבן צף,Fu – לצוף (התייחסות לצ'י העולה החיצוני של עץ). Bai – לבן (הצבע של מתכת) מראה לנו שנקודה זו שולטת בעלייה של צ'י העץ.,"פו - לצוף (התייחסות לצ'י העולה החיצוני של עץ). באי - לבן (הצבע של מתכת), המצביע על כך שנקודה זו שולטת בעלייה של צ'י העץ.","בגבול העליון של זיז הפטמה בגובה שורש האוזן, כ-1.5 צון אחורית ותחתונה ל-GB9.",דיקור אלכסוני שטחי בעומק 0.5-1 צון.,"1. נקודת מפגש של כיס המרה ושלפוחית השתן. 2. משתמשת בצ'י המתכת כדי לשלוט בעליית היאנג צ'י של העץ, במיוחד בכיס המרה בראש.",1. חשובה לוויסות הקשר בין עץ למתכת.,,
214,GB11,TOU QIAO YIN - טו צ'יאו יין,Head Cavity of Yin - חלל הראש של יין,"Qiao - חור, Tou - ראש. הניגוד ל-GB44 Zu Qian Yin (חלל כף הרגל של יין). האזור העורפי, בו ממוקמת נקודה זו, נחשב להיבט היין של הראש. הוא משמש למחלות הקשורות לחמשת הפתחים הקשורים ליין (עיניים, אוזניים, פה, אף, לשון).","Qiao - חור, Tou - ראש. הניגוד ל-GB44 Zu Qian Yin (חלל כף הרגל של יין). האזור העורפי, בו ממוקמת נקודה זו, נחשב להיבט היין של הראש. הוא משמש למחלות הקשורות לחמשת הפתחים הקשורים ליין (עיניים, אוזניים, פה, אף, לשון).","בגבול התחתון של זיז הפטמה, בגובה פתח תעלת השמע החיצונית של האוזן, 1 צון נחות ל-GB10.",אלכסונית 0.5 - 1 צון.,"1. נקודת מפגש של GB ו-BL.
2. מאזנת את התקשורת של יין-יאנג, חיי נשמה, פנימי-חיצוני, ברמה של קליטה קוסמית ותפוקה רוחנית. זה נעשה באמצעות חמשת הפתחים של הראש (עיניים-כבד, אוזניים-כליה, אף-ריאות, פה-טחול, לשון-לב).",,,
215,GB12,WAN GU - ואן גו,Ear Bone - עצם האוזן,N/A,WAN GU הוא השם הסיני העתיק לתהליך המסטואידי (Mastoid Process).,"אחורית ותחתונה לתהליך המסטואידי, בגובה של GV16.","אלכסונית, 0.5-1 צון.",נקודת מפגש של שלפוחית השתן (BL) וכיס המרה (GB).,N/A,N/A,N/A
216,GB13,בֶּן שֵׁן (Běn Shén),שורש השן (Shoresh ha-Shen),"בן - מקור, שן - רוח, לב (Ben - Makor, Shen - Ruach, Lev)","בן - מקור, שן - רוח, לב. נקודה זו משקפת את הקשר בין המקור הרוחני (שן) לבין הגוף והמהות הבסיסית (ג'ינג).","ישירות מעל הקצה החיצוני של העין, 3.5 צוּן מעל הגלָבֶּלָה. ½ צוּן מאחורי קו השיער הטבעי (½ צוּן מדיאלי ל-ST8).",אלכסונית 0.5-1 צוּן.,"1. נקודה על היאנג וויי מאי.
2. מפגש של שלושת המרידיאנים היאנג של היד (TMM).
3. מאזנת בין שן לג'ינג בראש.","מסלקת רוח מהראש.
מרגיעה את הנפש, מטפלת בעצבנות, דאגה מתמשכת, מצב מנטלי.
תומכת בחיוניות האדם.",יש לנקוט משנה זהירות בקרבת העין.,"נקודה חשובה לטיפול בהפרעות נפשיות ורגשיות, במיוחד כאשר הן קשורות לחולשה או חוסר איזון בין שן לג'ינג."
217,GB14,YANG BAI - יאנג באי,White Yang - יאנג לבן,"יאנג – מיקום יאנגי מאוד על הראש, זו גם נקודה על ה-Yang Wei Mai. לבן מייצג בהירות, נקודה זו משמשת לטיפול בבעיות ראייה.","יאנג - יאנג באי - לבן. נקודה בעלת מיקום יאנגי מאוד על הראש והיא גם נקודה על ה-Yang Wei Mai. לבן מייצג בהירות, נקודה זו משמשת לטיפול בבעיות ראייה.","כאשר המטופל מסתכל ישירות קדימה, ישירות מעל מרכז האישון, 1 צון מעל הגלבלה.","דיקור שטחי לכיוון העין 0.5 צון. 1. נקודה על ה-Yang Wei Mai. 2. נקודת מפגש של GB עם TW, ST, CO. 3. שולחת ענף פנימי ל-BL1. 4. השפעה מרגיעה, מורידה צ'י מהראש לגוף. 5. מקדמת בהירות מחשבתית. 6. משפרת ראייה (יותר רגשית).","משפר ראייה (יותר רגשית), מקדמת בהירות מחשבתית, מורידה צ'י מהראש לגוף, מרגיעה.","מאירה את העיניים, מסלקת רוח חיצונית, מטפלת בשיתוק פנים, מסלקת קור עם מוקסה, מסלקת חום, מרגיעה צ'י עולה (במיוחד של כיס המרה), מטפלת בכאבי ראש חד-צדדיים קדמיים על מסלול כיס המרה.",יש לנקוט משנה זהירות בעת דיקור באזור העין.,נקודה חשובה לטיפול בבעיות ראייה הקשורות גם להיבטים רגשיים ומתח.
218,GB15,TOU LIN QI - טו לין צ'י,Head Supervising Tears - ראש מפקח על הדמעות,"ממוקם מעל העין, במקום בו נוצרות הדמעות. Lin - כללי, Qi - דמעה","מנוגד לנקודה GB41 ""רגל מפקחת"". נקודה זו ממוקמת מעל העין, במקום בו נוצרות הדמעות. Lin - כללי Qi - דמעה","ישירות מעל האישון, 3.5 צון מעל הגלבלה וחצי צון מאחורי קו השיער (באמצע בין ST8 ו-GV24)",אלכסונית 0.5 – 1 צון,1. נקודה על Yang Wei Mai,,,
219,GB16,MAU CHUANG - מָאוּ צ'וּאַנְג,Window of the Eye - חַלּוֹן הָעַיִן,"Mau - עין; Chuang - חלון. ממוקם מעל האישון, נקודה זו משמשת לטיפול בבעיות עיניים.","מָאוּ - עין, צ'וּאַנְג - חלון. נקודה הממוקמת מעל האישון ומשמשת לטיפול בבעיות עיניים.","ישירות מעל האישון, 5 צון מעל הגלבלה.","אלכסונית, 0.5-1 צון.",1. נקודה על מרידיאן יאנג וויי.,"1. מטפל בראייה מטושטשת וכאבי עיניים.
2. מטפל בסחרחורת.",יש לנקוט זהירות במהלך הדיקור.,יש להתייעץ עם מטפל מוסמך ברפואה סינית מסורתית לפני השימוש בנקודה זו.
220,GB17,ZHENG YING - גֶ'נְג יִינְג,Principle Ying - עִיקָּרוֹן יִינְג,"Zheng - עִיקָּרוֹן, צֶדֶק; Ying - לִפְרוֹחַ, אֵיכוּת שֶׁל אָבִיב, יִין צִ'י. נְקּוּדָה זוֹ מְטַפַּחַת אֶת הָעֵינַיִם וְהַנְּשָׁמוֹת עִם יִין - דָּם (Xue).","גֶ'נְג - עִיקָּרוֹן, צֶדֶק. יִינְג - לִפְרוֹחַ, אֵיכוּת שֶׁל אָבִיב, יִין צִ'י. נְקּוּדָה זוֹ מְטַפַּחַת אֶת הָעֵינַיִם וְהַנְּשָׁמוֹת עִם יִין - דָּם (Xue).","יָשִׁיר מֵעַל לָאִישׁוֹן, 6.5 צוּן מֵעַל לַגְּלַבֶּלָה (Glabella).",אַנְכִּית 0.5-1 צוּן.,"1. נְקּוּדָה עַל מְרִידִיאַן ה- Yang Wei Mai.
2. מְנִיעָה צִ'י מֵרֹאשׁ לְמַטָּה.
3. מְאַזֶּנֶת בִּמְצָבִים שֶׁל בִּלְבּוּל וּפַחַד.",,,
